date,time,heart_rate
2016-03-13,09:07:00,0
2016-03-13,09:07:00,69
2016-03-13,09:11:00,93
2016-03-13,15:29:00,88
2016-03-13,15:42:00,88
2016-03-13,15:50:00,89
2016-03-13,15:50:00,89
2016-03-13,15:50:00,89
2016-03-13,16:26:00,87
2016-03-13,16:43:00,98
2016-03-13,16:46:00,93
2016-03-13,16:46:00,99
2016-03-13,16:46:00,123
2016-03-13,16:46:00,116
2016-03-13,16:46:00,104
2016-03-13,16:46:00,93
2016-03-13,16:46:00,93
2016-03-13,16:46:00,114
2016-03-13,16:46:00,109
2016-03-13,17:50:00,108
2016-03-13,17:50:00,88
2016-03-13,18:07:00,88
2016-03-13,18:07:00,123
2016-03-13,18:07:00,94
2016-03-13,18:07:00,90
2016-03-13,18:45:00,90
2016-03-13,18:50:00,104
2016-03-13,18:50:00,92
2016-03-13,18:50:00,104
2016-03-13,18:50:00,97
2016-03-13,18:50:00,80
2016-03-13,19:41:00,90
2016-03-13,19:42:00,84
2016-03-13,20:06:00,84
2016-03-13,20:21:00,88
2016-03-13,20:26:00,88
2016-03-13,20:50:00,88
2016-03-13,20:52:00,99
2016-03-13,20:52:00,87
2016-03-13,21:13:00,87
2016-03-13,21:32:00,87
2016-03-13,21:32:00,82
2016-03-13,21:46:00,84
2016-03-13,22:04:00,84
2016-03-13,22:14:00,87
2016-03-13,22:14:00,105
2016-03-13,22:14:00,87
2016-03-13,22:39:00,87
2016-03-13,22:55:00,75
2016-03-13,23:04:00,0
2016-03-13,23:04:00,76
2016-03-13,23:13:00,81
2016-03-13,23:33:00,82
2016-03-13,23:48:00,82
2016-03-14,10:06:00,84
2016-03-14,10:16:00,84
2016-03-14,10:34:00,80
2016-03-14,10:50:00,82
2016-03-14,11:06:00,82
2016-03-14,11:16:00,82
2016-03-14,11:29:00,82
2016-03-14,11:29:00,82
2016-03-14,11:53:00,114
2016-03-14,11:53:00,114
2016-03-14,11:53:00,89
2016-03-14,12:30:00,89
2016-03-14,12:39:00,89
2016-03-14,12:39:00,78
2016-03-14,12:57:00,78
2016-03-14,00:01:00,82
2016-03-14,00:07:00,73
2016-03-14,00:26:00,73
2016-03-14,00:41:00,73
2016-03-14,00:41:00,67
2016-03-14,00:57:00,67
2016-03-14,01:08:00,66
2016-03-14,01:27:00,66
2016-03-14,01:41:00,66
2016-03-14,01:43:00,66
2016-03-14,01:43:00,72
2016-03-14,01:43:00,66
2016-03-14,02:28:00,63
2016-03-14,02:39:00,68
2016-03-14,02:46:00,62
2016-03-14,02:58:00,59
2016-03-14,03:13:00,59
2016-03-14,03:18:00,65
2016-03-14,03:33:00,65
2016-03-14,03:35:00,77
2016-03-14,03:35:00,72
2016-03-14,03:37:00,72
2016-03-14,03:37:00,0
2016-03-14,03:37:00,0
2016-03-14,03:37:00,0
2016-03-14,03:37:00,0
2016-03-14,03:37:00,0
2016-03-14,03:37:00,0
2016-03-14,03:37:00,0
2016-03-14,03:37:00,0
2016-03-14,03:37:00,0
2016-03-14,03:37:00,0
2016-03-14,03:37:00,0
2016-03-14,03:37:00,0
2016-03-14,03:37:00,0
2016-03-14,03:37:00,0
2016-03-14,03:37:00,0
2016-03-14,03:37:00,0
2016-03-14,03:37:00,0
2016-03-14,03:37:00,0
2016-03-14,03:37:00,0
2016-03-14,07:31:00,0
2016-03-14,07:31:00,0
2016-03-14,07:31:00,0
2016-03-14,07:31:00,0
2016-03-14,08:19:00,0
2016-03-14,08:19:00,69
2016-03-14,08:35:00,69
2016-03-14,08:45:00,69
2016-03-14,08:55:00,93
2016-03-14,08:57:00,84
2016-03-14,09:18:00,80
2016-03-14,09:21:00,92
2016-03-14,09:21:00,92
2016-03-14,09:21:00,116
2016-03-14,09:21:00,82
2016-03-14,13:11:00,83
2016-03-14,13:20:00,75
2016-03-14,13:35:00,75
2016-03-14,13:48:00,75
2016-03-14,13:48:00,84
2016-03-14,13:52:00,74
2016-03-14,13:57:00,83
2016-03-14,14:04:00,78
2016-03-14,14:08:00,87
2016-03-14,14:25:00,83
2016-03-14,14:40:00,83
2016-03-14,14:51:00,83
2016-03-14,15:10:00,83
2016-03-14,15:25:00,80
2016-03-14,15:35:00,80
2016-03-14,15:35:00,81
2016-03-14,16:07:00,81
2016-03-14,16:20:00,75
2016-03-14,16:31:00,75
2016-03-14,16:38:00,83
2016-03-14,16:53:00,83
2016-03-14,17:08:00,73
2016-03-14,17:14:00,90
2016-03-14,17:14:00,98
2016-03-14,17:14:00,98
2016-03-14,17:14:00,92
2016-03-14,17:51:00,92
2016-03-14,17:51:00,114
2016-03-14,17:51:00,128
2016-03-14,17:51:00,118
2016-03-14,17:51:00,118
2016-03-14,17:51:00,85
2016-03-14,18:52:00,86
2016-03-14,19:00:00,82
2016-03-14,19:22:00,81
2016-03-14,19:26:00,81
2016-03-14,19:52:00,84
2016-03-14,20:08:00,84
2016-03-14,20:11:00,69
2016-03-14,20:28:00,69
2016-03-14,20:40:00,72
2016-03-14,20:40:00,79
2016-03-14,21:02:00,105
2016-03-14,21:02:00,88
2016-03-14,21:20:00,93
2016-03-14,21:33:00,89
2016-03-14,21:41:00,89
2016-03-14,21:58:00,89
2016-03-14,21:58:00,83
2016-03-14,21:58:00,82
2016-03-14,22:35:00,82
2016-03-14,22:40:00,90
2016-03-14,22:41:00,90
2016-03-14,23:03:00,81
2016-03-14,23:13:00,81
2016-03-14,23:38:00,77
2016-03-14,23:38:00,99
2016-03-14,23:45:00,89
2016-03-15,00:10:00,77
2016-03-15,00:10:00,100
2016-03-15,00:23:00,84
2016-03-15,00:48:00,81
2016-03-15,00:50:00,76
2016-03-15,00:53:00,69
2016-03-15,01:09:00,69
2016-03-15,01:30:00,69
2016-03-15,01:45:00,67
2016-03-15,01:58:00,67
2016-03-15,02:13:00,66
2016-03-15,02:28:00,66
2016-03-15,02:45:00,66
2016-03-15,02:51:00,66
2016-03-15,03:08:00,67
2016-03-15,03:18:00,67
2016-03-15,03:32:00,69
2016-03-15,04:00:00,69
2016-03-15,04:08:00,69
2016-03-15,04:28:00,69
2016-03-15,04:31:00,59
2016-03-15,04:31:00,59
2016-03-15,04:51:00,59
2016-03-15,04:51:00,59
2016-03-15,04:51:00,59
2016-03-15,05:42:00,61
2016-03-15,06:00:00,61
2016-03-15,06:00:00,67
2016-03-15,06:16:00,67
2016-03-15,06:16:00,62
2016-03-15,06:16:00,62
2016-03-15,07:01:00,62
2016-03-15,07:14:00,60
2016-03-15,07:33:00,60
2016-03-15,07:33:00,67
2016-03-15,07:47:00,67
2016-03-15,07:50:00,77
2016-03-15,08:05:00,77
2016-03-15,08:05:00,101
2016-03-15,08:05:00,91
2016-03-15,08:22:00,99
2016-03-15,08:22:00,79
2016-03-15,08:38:00,86
2016-03-15,08:45:00,106
2016-03-15,08:45:00,106
2016-03-15,08:45:00,113
2016-03-15,08:45:00,102
2016-03-15,09:22:00,102
2016-03-15,09:22:00,97
2016-03-15,09:22:00,91
2016-03-15,09:22:00,84
2016-03-15,10:05:00,84
2016-03-15,10:20:00,98
2016-03-15,10:20:00,90
2016-03-15,10:40:00,90
2016-03-15,10:55:00,90
2016-03-15,10:56:00,80
2016-03-15,11:11:00,80
2016-03-15,11:19:00,86
2016-03-15,11:40:00,86
2016-03-15,11:54:00,86
2016-03-15,12:03:00,78
2016-03-15,12:16:00,69
2016-03-15,12:30:00,69
2016-03-15,12:32:00,83
2016-03-15,12:32:00,74
2016-03-15,12:45:00,77
2016-03-15,12:56:00,66
2016-03-15,13:06:00,76
2016-03-15,13:17:00,75
2016-03-15,13:36:00,75
2016-03-15,13:51:00,75
2016-03-15,14:05:00,73
2016-03-15,14:21:00,73
2016-03-15,14:37:00,70
2016-03-15,14:44:00,70
2016-03-15,15:01:00,67
2016-03-15,15:21:00,86
2016-03-15,15:22:00,91
2016-03-15,15:22:00,85
2016-03-15,15:46:00,78
2016-03-15,15:55:00,84
2016-03-15,16:15:00,80
2016-03-15,16:15:00,75
2016-03-15,16:32:00,75
2016-03-15,16:50:00,78
2016-03-15,17:04:00,78
2016-03-15,17:19:00,78
2016-03-15,17:35:00,76
2016-03-15,17:44:00,84
2016-03-15,17:59:00,86
2016-03-15,18:14:00,88
2016-03-15,18:24:00,78
2016-03-15,18:30:00,94
2016-03-15,18:32:00,88
2016-03-15,18:47:00,88
2016-03-15,19:01:00,85
2016-03-15,19:16:00,85
2016-03-15,19:26:00,90
2016-03-15,19:26:00,82
2016-03-15,19:40:00,89
2016-03-15,19:40:00,77
2016-03-15,20:02:00,74
2016-03-15,20:02:00,74
2016-03-15,20:28:00,84
2016-03-15,20:42:00,84
2016-03-15,20:51:00,84
2016-03-15,21:12:00,83
2016-03-15,21:20:00,83
2016-03-15,21:20:00,73
2016-03-15,21:45:00,73
2016-03-15,22:00:00,73
2016-03-15,22:14:00,73
2016-03-15,22:30:00,73
2016-03-15,22:44:00,70
2016-03-15,23:00:00,70
2016-03-15,23:10:00,70
2016-03-15,23:26:00,70
2016-03-15,23:45:00,70
2016-03-16,00:00:00,70
2016-03-16,00:14:00,71
2016-03-16,00:30:00,71
2016-03-16,00:34:00,76
2016-03-16,00:42:00,79
2016-03-16,00:42:00,98
2016-03-16,00:42:00,120
2016-03-16,00:42:00,112
2016-03-16,00:42:00,113
2016-03-16,00:42:00,91
2016-03-16,00:42:00,83
2016-03-16,01:38:00,84
2016-03-16,01:50:00,84
2016-03-16,01:50:00,112
2016-03-16,01:56:00,0
2016-03-16,07:52:00,0
2016-03-16,07:53:00,0
2016-03-16,07:53:00,0
2016-03-16,07:53:00,0
2016-03-16,08:32:00,0
2016-03-16,08:39:00,87
2016-03-16,08:56:00,84
2016-03-16,09:04:00,128
2016-03-16,09:04:00,122
2016-03-16,09:04:00,132
2016-03-16,09:04:00,125
2016-03-16,09:04:00,114
2016-03-16,09:04:00,121
2016-03-16,09:04:00,94
2016-03-16,09:04:00,88
2016-03-16,09:36:00,116
2016-03-16,09:36:00,125
2016-03-16,09:41:00,93
2016-03-16,09:41:00,88
2016-03-16,09:56:00,94
2016-03-16,09:59:00,94
2016-03-16,09:59:00,94
2016-03-16,09:59:00,87
2016-03-16,10:42:00,87
2016-03-16,10:56:00,87
2016-03-16,11:11:00,86
2016-03-16,11:28:00,86
2016-03-16,11:28:00,78
2016-03-16,11:40:00,78
2016-03-16,11:59:00,93
2016-03-16,12:01:00,93
2016-03-16,12:01:00,73
2016-03-16,12:01:00,64
2016-03-16,12:01:00,94
2016-03-16,12:31:00,77
2016-03-16,12:40:00,83
2016-03-16,12:41:00,75
2016-03-16,13:02:00,75
2016-03-16,13:13:00,83
2016-03-16,13:20:00,78
2016-03-16,13:28:00,75
2016-03-16,13:50:00,75
2016-03-16,13:59:00,70
2016-03-16,14:14:00,70
2016-03-16,14:30:00,72
2016-03-16,14:46:00,72
2016-03-16,15:01:00,72
2016-03-16,15:07:00,78
2016-03-16,15:07:00,78
2016-03-16,15:39:00,78
2016-03-16,15:44:00,74
2016-03-16,16:10:00,74
2016-03-16,16:24:00,72
2016-03-16,16:28:00,92
2016-03-16,16:28:00,87
2016-03-16,16:36:00,73
2016-03-16,16:51:00,77
2016-03-16,17:05:00,77
2016-03-16,17:16:00,72
2016-03-16,17:16:00,72
2016-03-16,17:44:00,72
2016-03-16,17:44:00,113
2016-03-16,17:44:00,150
2016-03-16,17:44:00,151
2016-03-16,17:44:00,112
2016-03-16,17:44:00,92
2016-03-16,17:44:00,87
2016-03-16,18:56:00,87
2016-03-16,19:11:00,85
2016-03-16,19:25:00,85
2016-03-16,19:40:00,85
2016-03-16,19:44:00,78
2016-03-16,19:52:00,80
2016-03-16,20:09:00,80
2016-03-16,20:09:00,96
2016-03-16,20:30:00,79
2016-03-16,20:54:00,71
2016-03-16,21:04:00,71
2016-03-16,21:19:00,84
2016-03-16,21:35:00,74
2016-03-16,21:40:00,69
2016-03-16,21:57:00,68
2016-03-16,22:11:00,68
2016-03-16,22:11:00,85
2016-03-16,22:35:00,87
2016-03-16,22:37:00,72
2016-03-16,22:47:00,74
2016-03-16,23:09:00,72
2016-03-16,23:22:00,74
2016-03-16,23:39:00,74
2016-03-16,23:40:00,66
2016-03-16,23:58:00,69
2016-03-17,00:00:00,69
2016-03-17,00:24:00,65
2016-03-17,00:31:00,65
2016-03-17,00:53:00,67
2016-03-17,01:12:00,67
2016-03-17,01:12:00,60
2016-03-17,01:12:00,60
2016-03-17,01:12:00,60
2016-03-17,02:07:00,57
2016-03-17,02:20:00,57
2016-03-17,02:29:00,61
2016-03-17,02:51:00,61
2016-03-17,03:05:00,58
2016-03-17,03:19:00,58
2016-03-17,03:19:00,59
2016-03-17,03:19:00,59
2016-03-17,03:19:00,59
2016-03-17,04:20:00,59
2016-03-17,04:35:00,58
2016-03-17,04:46:00,58
2016-03-17,05:07:00,57
2016-03-17,05:11:00,57
2016-03-17,05:36:00,61
2016-03-17,05:38:00,61
2016-03-17,06:07:00,61
2016-03-17,06:17:00,61
2016-03-17,06:31:00,63
2016-03-17,06:31:00,63
2016-03-17,06:56:00,55
2016-03-17,07:02:00,55
2016-03-17,07:24:00,59
2016-03-17,07:40:00,59
2016-03-17,07:56:00,64
2016-03-17,08:10:00,64
2016-03-17,08:18:00,72
2016-03-17,08:34:00,75
2016-03-17,08:48:00,72
2016-03-17,08:53:00,102
2016-03-17,08:53:00,81
2016-03-17,08:53:00,74
2016-03-17,09:14:00,76
2016-03-17,09:26:00,76
2016-03-17,09:45:00,73
2016-03-17,09:52:00,92
2016-03-17,09:52:00,92
2016-03-17,10:17:00,94
2016-03-17,10:17:00,94
2016-03-17,10:17:00,87
2016-03-17,10:53:00,92
2016-03-17,10:53:00,92
2016-03-17,10:53:00,81
2016-03-17,11:33:00,77
2016-03-17,11:47:00,75
2016-03-17,11:58:00,75
2016-03-17,12:08:00,72
2016-03-17,12:23:00,72
2016-03-17,12:47:00,75
2016-03-17,13:02:00,75
2016-03-17,13:17:00,78
2016-03-17,13:30:00,79
2016-03-17,13:46:00,81
2016-03-17,14:03:00,81
2016-03-17,14:12:00,82
2016-03-17,14:30:00,82
2016-03-17,14:48:00,78
2016-03-17,14:55:00,78
2016-03-17,15:04:00,69
2016-03-17,15:12:00,77
2016-03-17,15:25:00,79
2016-03-17,15:42:00,79
2016-03-17,15:58:00,76
2016-03-17,16:09:00,76
2016-03-17,16:28:00,75
2016-03-17,16:28:00,100
2016-03-17,16:28:00,74
2016-03-17,16:48:00,81
2016-03-17,17:01:00,81
2016-03-17,17:18:00,81
2016-03-17,17:18:00,74
2016-03-17,17:38:00,74
2016-03-17,17:51:00,74
2016-03-17,17:51:00,74
2016-03-17,18:20:00,74
2016-03-17,18:39:00,73
2016-03-17,18:54:00,73
2016-03-17,18:54:00,88
2016-03-17,19:20:00,85
2016-03-17,19:20:00,95
2016-03-17,19:29:00,100
2016-03-17,19:29:00,119
2016-03-17,19:29:00,117
2016-03-17,19:29:00,84
2016-03-17,19:29:00,90
2016-03-17,19:29:00,77
2016-03-17,20:32:00,77
2016-03-17,20:50:00,75
2016-03-17,21:06:00,75
2016-03-17,21:10:00,92
2016-03-17,21:13:00,82
2016-03-17,21:29:00,88
2016-03-17,21:36:00,110
2016-03-17,21:36:00,93
2016-03-17,21:36:00,114
2016-03-17,21:36:00,114
2016-03-17,21:36:00,114
2016-03-17,22:29:00,114
2016-03-17,22:29:00,114
2016-03-17,22:29:00,104
2016-03-17,22:29:00,104
2016-03-17,22:29:00,124
2016-03-17,22:29:00,82
2016-03-17,22:29:00,90
2016-03-17,23:26:00,81
2016-03-17,23:41:00,81
2016-03-17,23:53:00,61
2016-03-18,00:11:00,61
2016-03-18,00:15:00,74
2016-03-18,00:35:00,74
2016-03-18,00:55:00,73
2016-03-18,01:01:00,71
2016-03-18,01:22:00,68
2016-03-18,01:34:00,68
2016-03-18,01:54:00,66
2016-03-18,02:09:00,66
2016-03-18,02:16:00,67
2016-03-18,02:41:00,67
2016-03-18,02:43:00,66
2016-03-18,03:02:00,66
2016-03-18,03:15:00,59
2016-03-18,03:25:00,59
2016-03-18,03:40:00,59
2016-03-18,03:40:00,64
2016-03-18,04:03:00,64
2016-03-18,04:10:00,62
2016-03-18,04:10:00,62
2016-03-18,04:44:00,62
2016-03-18,04:44:00,62
2016-03-18,05:11:00,62
2016-03-18,05:11:00,65
2016-03-18,05:49:00,65
2016-03-18,05:49:00,71
2016-03-18,06:07:00,71
2016-03-18,06:22:00,71
2016-03-18,06:22:00,61
2016-03-18,06:22:00,61
2016-03-18,06:53:00,62
2016-03-18,06:53:00,62
2016-03-18,07:23:00,60
2016-03-18,07:32:00,60
2016-03-18,07:44:00,58
2016-03-18,08:08:00,58
2016-03-18,08:08:00,65
2016-03-18,08:24:00,71
2016-03-18,08:39:00,71
2016-03-18,08:42:00,78
2016-03-18,08:47:00,79
2016-03-18,08:47:00,73
2016-03-18,09:15:00,76
2016-03-18,09:27:00,76
2016-03-18,09:46:00,78
2016-03-18,09:51:00,84
2016-03-18,09:51:00,71
2016-03-18,10:10:00,69
2016-03-18,10:16:00,79
2016-03-18,10:22:00,148
2016-03-18,10:22:00,135
2016-03-18,10:22:00,136
2016-03-18,10:22:00,95
2016-03-18,10:57:00,94
2016-03-18,10:57:00,94
2016-03-18,10:57:00,87
2016-03-18,11:31:00,95
2016-03-18,11:31:00,85
2016-03-18,11:49:00,85
2016-03-18,12:11:00,85
2016-03-18,12:26:00,85
2016-03-18,12:31:00,78
2016-03-18,12:47:00,81
2016-03-18,12:53:00,81
2016-03-18,13:13:00,81
2016-03-18,13:33:00,81
2016-03-18,13:33:00,117
2016-03-18,13:33:00,80
2016-03-18,13:44:00,87
2016-03-18,13:56:00,91
2016-03-18,13:56:00,91
2016-03-18,13:56:00,96
2016-03-18,13:56:00,101
2016-03-18,13:56:00,93
2016-03-18,13:56:00,93
2016-03-18,13:56:00,93
2016-03-18,15:20:00,94
2016-03-18,15:20:00,85
2016-03-18,15:20:00,94
2016-03-18,15:36:00,102
2016-03-18,15:36:00,88
2016-03-18,16:04:00,88
2016-03-18,16:13:00,79
2016-03-18,16:31:00,79
2016-03-18,16:44:00,90
2016-03-18,16:57:00,90
2016-03-18,17:13:00,92
2016-03-18,17:13:00,75
2016-03-18,17:24:00,77
2016-03-18,17:35:00,77
2016-03-18,17:58:00,76
2016-03-18,18:13:00,76
2016-03-18,18:13:00,76
2016-03-18,18:42:00,76
2016-03-18,18:55:00,73
2016-03-18,19:16:00,73
2016-03-18,19:21:00,70
2016-03-18,19:44:00,70
2016-03-18,20:03:00,70
2016-03-18,20:03:00,82
2016-03-18,20:12:00,82
2016-03-18,20:32:00,74
2016-03-18,20:47:00,74
2016-03-18,20:52:00,94
2016-03-18,20:52:00,103
2016-03-18,20:52:00,103
2016-03-18,20:52:00,94
2016-03-18,20:52:00,94
2016-03-18,21:58:00,89
2016-03-18,22:12:00,94
2016-03-18,22:12:00,95
2016-03-18,22:12:00,102
2016-03-18,22:12:00,96
2016-03-18,22:12:00,101
2016-03-18,22:12:00,100
2016-03-18,22:12:00,124
2016-03-18,22:12:00,101
2016-03-18,22:12:00,106
2016-03-18,22:12:00,101
2016-03-18,22:12:00,109
2016-03-18,22:12:00,100
2016-03-18,22:12:00,106
2016-03-19,00:00:00,99
2016-03-19,00:00:00,90
2016-03-19,00:19:00,104
2016-03-19,00:19:00,95
2016-03-19,00:19:00,119
2016-03-19,00:19:00,87
2016-03-19,00:52:00,123
2016-03-19,00:52:00,130
2016-03-19,00:58:00,122
2016-03-19,00:58:00,86
2016-03-19,01:23:00,85
2016-03-19,01:33:00,93
2016-03-19,01:36:00,86
2016-03-19,01:56:00,92
2016-03-19,01:56:00,73
2016-03-19,02:07:00,87
2016-03-19,02:09:00,78
2016-03-19,02:09:00,78
2016-03-19,02:36:00,77
2016-03-19,02:58:00,77
2016-03-19,03:12:00,77
2016-03-19,03:22:00,79
2016-03-19,03:46:00,79
2016-03-19,04:03:00,79
2016-03-19,04:15:00,79
2016-03-19,04:33:00,75
2016-03-19,04:34:00,75
2016-03-19,04:58:00,75
2016-03-19,05:16:00,75
2016-03-19,05:20:00,83
2016-03-19,05:24:00,83
2016-03-19,05:47:00,83
2016-03-19,05:51:00,78
2016-03-19,05:55:00,78
2016-03-19,06:15:00,78
2016-03-19,06:28:00,78
2016-03-19,06:39:00,78
2016-03-19,07:06:00,79
2016-03-19,07:21:00,79
2016-03-19,07:31:00,78
2016-03-19,07:51:00,78
2016-03-19,07:51:00,69
2016-03-19,07:58:00,69
2016-03-19,08:17:00,69
2016-03-19,08:36:00,68
2016-03-19,08:47:00,68
2016-03-19,09:07:00,70
2016-03-19,09:13:00,86
2016-03-19,09:29:00,86
2016-03-19,09:42:00,65
2016-03-19,09:45:00,72
2016-03-19,09:51:00,78
2016-03-19,09:54:00,68
2016-03-19,10:12:00,68
2016-03-19,10:26:00,68
2016-03-19,10:33:00,74
2016-03-19,10:33:00,81
2016-03-19,10:48:00,76
2016-03-19,10:52:00,82
2016-03-19,11:03:00,93
2016-03-19,11:03:00,84
2016-03-19,11:25:00,75
2016-03-19,11:39:00,75
2016-03-19,11:55:00,79
2016-03-19,11:55:00,72
2016-03-19,12:13:00,72
2016-03-19,12:18:00,79
2016-03-19,12:25:00,74
2016-03-19,12:41:00,78
2016-03-19,12:49:00,100
2016-03-19,12:52:00,128
2016-03-19,12:58:00,87
2016-03-19,13:09:00,104
2016-03-19,13:09:00,97
2016-03-19,13:09:00,88
2016-03-19,13:44:00,97
2016-03-19,13:44:00,92
2016-03-19,13:58:00,96
2016-03-19,13:58:00,79
2016-03-19,14:19:00,79
2016-03-19,14:35:00,79
2016-03-19,14:35:00,64
2016-03-19,14:51:00,64
2016-03-19,14:58:00,58
2016-03-19,15:11:00,79
2016-03-19,15:16:00,71
2016-03-19,15:30:00,108
2016-03-19,15:30:00,99
2016-03-19,15:30:00,80
2016-03-19,15:51:00,163
2016-03-19,15:51:00,159
2016-03-19,15:51:00,159
2016-03-19,15:51:00,97
2016-03-19,15:51:00,114
2016-03-19,15:51:00,110
2016-03-19,15:51:00,104
2016-03-19,15:51:00,109
2016-03-19,15:51:00,104
2016-03-19,15:51:00,94
2016-03-19,15:51:00,94
2016-03-19,17:51:00,105
2016-03-19,17:51:00,114
2016-03-19,17:51:00,114
2016-03-19,17:51:00,109
2016-03-19,17:51:00,103
2016-03-19,17:51:00,97
2016-03-19,17:51:00,89
2016-03-19,17:51:00,101
2016-03-19,17:51:00,87
2016-03-19,19:01:00,92
2016-03-19,19:01:00,87
2016-03-19,19:23:00,103
2016-03-19,19:25:00,112
2016-03-19,19:25:00,108
2016-03-19,19:25:00,96
2016-03-19,19:25:00,100
2016-03-19,19:25:00,100
2016-03-19,19:25:00,90
2016-03-19,20:56:00,90
2016-03-19,21:07:00,90
2016-03-19,21:23:00,90
2016-03-19,21:32:00,90
2016-03-19,21:47:00,90
2016-03-19,22:11:00,90
2016-03-19,22:17:00,152
2016-03-19,22:17:00,159
2016-03-19,22:25:00,160
2016-03-19,22:25:00,88
2016-03-19,22:25:00,102
2016-03-19,22:51:00,96
2016-03-19,22:51:00,104
2016-03-19,22:51:00,90
2016-03-19,23:21:00,90
2016-03-19,23:35:00,90
2016-03-19,23:35:00,82
2016-03-20,00:00:00,86
2016-03-20,00:02:00,81
2016-03-20,00:19:00,78
2016-03-20,00:37:00,78
2016-03-20,00:47:00,111
2016-03-20,00:47:00,74
2016-03-20,00:47:00,74
2016-03-20,01:19:00,118
2016-03-20,01:19:00,111
2016-03-20,01:19:00,111
2016-03-20,01:19:00,84
2016-03-20,01:19:00,84
2016-03-20,01:19:00,76
2016-03-20,01:59:00,72
2016-03-20,02:22:00,72
2016-03-20,02:41:00,65
2016-03-20,02:43:00,65
2016-03-20,02:43:00,65
2016-03-20,03:26:00,69
2016-03-20,03:41:00,69
2016-03-20,03:53:00,69
2016-03-20,04:05:00,69
2016-03-20,04:05:00,77
2016-03-20,04:18:00,77
2016-03-20,04:39:00,77
2016-03-20,04:52:00,73
2016-03-20,05:10:00,73
2016-03-20,05:13:00,68
2016-03-20,05:13:00,68
2016-03-20,05:36:00,67
2016-03-20,05:52:00,67
2016-03-20,06:04:00,67
2016-03-20,06:04:00,75
2016-03-20,06:27:00,75
2016-03-20,06:42:00,71
2016-03-20,06:55:00,71
2016-03-20,07:09:00,71
2016-03-20,07:09:00,76
2016-03-20,07:30:00,76
2016-03-20,07:39:00,72
2016-03-20,08:00:00,72
2016-03-20,08:14:00,71
2016-03-20,08:14:00,84
2016-03-20,08:28:00,84
2016-03-20,08:37:00,90
2016-03-20,08:51:00,81
2016-03-20,09:00:00,81
2016-03-20,09:16:00,74
2016-03-20,09:33:00,78
2016-03-20,09:33:00,100
2016-03-20,09:33:00,80
2016-03-20,10:05:00,80
2016-03-20,10:08:00,93
2016-03-20,10:08:00,85
2016-03-20,10:25:00,83
2016-03-20,10:38:00,82
2016-03-20,10:51:00,90
2016-03-20,11:05:00,88
2016-03-20,11:19:00,89
2016-03-20,11:19:00,83
2016-03-20,11:38:00,86
2016-03-20,11:46:00,94
2016-03-20,11:46:00,89
2016-03-20,12:11:00,86
2016-03-20,12:11:00,93
2016-03-20,12:11:00,87
2016-03-20,12:26:00,87
2016-03-20,12:35:00,87
2016-03-20,13:02:00,83
2016-03-20,13:17:00,83
2016-03-20,13:28:00,88
2016-03-20,13:36:00,96
2016-03-20,13:36:00,86
2016-03-20,14:01:00,83
2016-03-20,14:10:00,86
2016-03-20,14:29:00,83
2016-03-20,14:48:00,83
2016-03-20,14:56:00,77
2016-03-20,15:09:00,77
2016-03-20,15:25:00,76
2016-03-20,15:31:00,79
2016-03-20,15:46:00,85
2016-03-20,15:49:00,73
2016-03-20,16:01:00,78
2016-03-20,16:16:00,73
2016-03-20,16:29:00,73
2016-03-20,16:47:00,73
2016-03-20,17:02:00,73
2016-03-20,17:04:00,82
2016-03-20,17:14:00,75
2016-03-20,17:32:00,69
2016-03-20,17:44:00,68
2016-03-20,17:58:00,68
2016-03-20,17:58:00,74
2016-03-20,18:06:00,79
2016-03-20,18:23:00,79
2016-03-20,18:39:00,79
2016-03-20,18:39:00,100
2016-03-20,18:39:00,87
2016-03-20,18:39:00,87
2016-03-20,18:39:00,79
2016-03-20,19:14:00,91
2016-03-20,19:25:00,77
2016-03-20,19:35:00,75
2016-03-20,19:59:00,75
2016-03-20,20:06:00,66
2016-03-20,20:18:00,66
2016-03-20,20:35:00,70
2016-03-20,20:47:00,70
2016-03-20,21:06:00,70
2016-03-20,21:06:00,66
2016-03-20,21:06:00,66
2016-03-20,21:53:00,65
2016-03-20,22:10:00,79
2016-03-20,22:24:00,70
2016-03-20,22:36:00,74
2016-03-20,22:36:00,67
2016-03-20,22:49:00,75
2016-03-20,23:02:00,73
2016-03-20,23:14:00,73
2016-03-20,23:28:00,68
2016-03-20,23:43:00,74
2016-03-20,23:59:00,74
2016-03-21,00:01:00,63
2016-03-21,00:21:00,67
2016-03-21,00:34:00,67
2016-03-21,00:48:00,68
2016-03-21,01:08:00,62
2016-03-21,01:12:00,71
2016-03-21,01:24:00,77
2016-03-21,01:24:00,67
2016-03-21,01:24:00,75
2016-03-21,01:34:00,70
2016-03-21,01:47:00,70
2016-03-21,02:01:00,70
2016-03-21,02:09:00,70
2016-03-21,02:09:00,70
2016-03-21,02:40:00,65
2016-03-21,02:54:00,65
2016-03-21,03:06:00,65
2016-03-21,03:21:00,61
2016-03-21,03:21:00,61
2016-03-21,04:00:00,62
2016-03-21,04:12:00,62
2016-03-21,04:12:00,59
2016-03-21,04:38:00,59
2016-03-21,04:54:00,62
2016-03-21,05:15:00,62
2016-03-21,05:24:00,62
2016-03-21,05:37:00,62
2016-03-21,05:56:00,66
2016-03-21,06:07:00,66
2016-03-21,06:26:00,64
2016-03-21,06:26:00,64
2016-03-21,06:49:00,59
2016-03-21,06:53:00,59
2016-03-21,07:16:00,65
2016-03-21,07:34:00,65
2016-03-21,07:47:00,62
2016-03-21,08:01:00,62
2016-03-21,08:05:00,86
2016-03-21,08:05:00,82
2016-03-21,08:37:00,93
2016-03-21,08:37:00,86
2016-03-21,08:49:00,86
2016-03-21,09:00:00,93
2016-03-21,09:00:00,85
2016-03-21,09:22:00,93
2016-03-21,09:25:00,89
2016-03-21,09:51:00,125
2016-03-21,10:00:00,89
2016-03-21,10:06:00,81
2016-03-21,10:17:00,91
2016-03-21,10:19:00,91
2016-03-21,10:19:00,91
2016-03-21,10:19:00,80
2016-03-21,11:04:00,80
2016-03-21,11:04:00,82
2016-03-21,11:30:00,82
2016-03-21,11:45:00,82
2016-03-21,11:45:00,73
2016-03-21,12:05:00,73
2016-03-21,12:18:00,73
2016-03-21,12:35:00,73
2016-03-21,12:49:00,73
2016-03-21,12:54:00,88
2016-03-21,12:54:00,88
2016-03-21,12:54:00,81
2016-03-21,12:54:00,89
2016-03-21,13:36:00,89
2016-03-21,13:44:00,83
2016-03-21,13:57:00,83
2016-03-21,14:12:00,83
2016-03-21,14:28:00,80
2016-03-21,14:40:00,79
2016-03-21,14:40:00,79
2016-03-21,14:40:00,79
2016-03-21,14:40:00,73
2016-03-21,15:23:00,81
2016-03-21,15:42:00,81
2016-03-21,15:57:00,81
2016-03-21,16:10:00,80
2016-03-21,16:10:00,71
2016-03-21,16:10:00,78
2016-03-21,16:23:00,76
2016-03-21,16:47:00,76
2016-03-21,16:58:00,70
2016-03-21,17:12:00,70
2016-03-21,17:26:00,70
2016-03-21,17:41:00,74
2016-03-21,17:57:00,74
2016-03-21,17:57:00,88
2016-03-21,18:09:00,88
2016-03-21,18:28:00,88
2016-03-21,18:38:00,117
2016-03-21,18:38:00,140
2016-03-21,18:38:00,140
2016-03-21,18:38:00,84
2016-03-21,19:10:00,91
2016-03-21,19:11:00,81
2016-03-21,19:28:00,81
2016-03-21,19:49:00,81
2016-03-21,19:49:00,76
2016-03-21,19:49:00,78
2016-03-21,20:16:00,78
2016-03-21,20:37:00,77
2016-03-21,20:51:00,77
2016-03-21,21:01:00,140
2016-03-21,21:01:00,111
2016-03-21,21:01:00,83
2016-03-21,21:19:00,89
2016-03-21,21:31:00,80
2016-03-21,21:43:00,80
2016-03-21,21:43:00,65
2016-03-21,21:49:00,70
2016-03-21,22:03:00,70
2016-03-21,22:03:00,84
2016-03-21,22:03:00,75
2016-03-21,22:25:00,78
2016-03-21,22:38:00,78
2016-03-21,22:48:00,87
2016-03-21,23:02:00,77
2016-03-21,23:17:00,74
2016-03-21,23:31:00,75
2016-03-21,23:46:00,74
2016-03-22,00:03:00,70
2016-03-22,00:19:00,70
2016-03-22,00:29:00,70
2016-03-22,00:29:00,84
2016-03-22,00:43:00,77
2016-03-22,01:04:00,77
2016-03-22,01:04:00,69
2016-03-22,01:23:00,77
2016-03-22,01:36:00,77
2016-03-22,01:53:00,77
2016-03-22,01:53:00,66
2016-03-22,02:08:00,66
2016-03-22,02:24:00,75
2016-03-22,02:38:00,75
2016-03-22,02:50:00,75
2016-03-22,02:50:00,63
2016-03-22,02:50:00,63
2016-03-22,03:12:00,63
2016-03-22,03:12:00,63
2016-03-22,03:48:00,64
2016-03-22,03:48:00,64
2016-03-22,04:25:00,64
2016-03-22,04:36:00,63
2016-03-22,04:51:00,63
2016-03-22,04:51:00,69
2016-03-22,05:10:00,69
2016-03-22,05:10:00,69
2016-03-22,05:34:00,67
2016-03-22,05:34:00,67
2016-03-22,05:34:00,63
2016-03-22,06:14:00,69
2016-03-22,06:22:00,69
2016-03-22,06:45:00,69
2016-03-22,07:00:00,65
2016-03-22,07:14:00,65
2016-03-22,07:29:00,67
2016-03-22,07:41:00,67
2016-03-22,08:00:00,63
2016-03-22,08:14:00,63
2016-03-22,08:29:00,61
2016-03-22,08:45:00,61
2016-03-22,08:46:00,72
2016-03-22,08:46:00,63
2016-03-22,08:58:00,84
2016-03-22,09:16:00,92
2016-03-22,09:17:00,77
2016-03-22,09:32:00,70
2016-03-22,09:48:00,70
2016-03-22,10:00:00,71
2016-03-22,10:14:00,81
2016-03-22,10:23:00,71
2016-03-22,10:34:00,96
2016-03-22,10:34:00,130
2016-03-22,10:34:00,143
2016-03-22,10:34:00,143
2016-03-22,10:34:00,91
2016-03-22,10:34:00,100
2016-03-22,10:34:00,86
2016-03-22,11:24:00,86
2016-03-22,11:42:00,86
2016-03-22,11:44:00,79
2016-03-22,11:59:00,79
2016-03-22,12:08:00,79
2016-03-22,12:16:00,71
2016-03-22,12:28:00,71
2016-03-22,12:48:00,73
2016-03-22,13:03:00,73
2016-03-22,13:04:00,72
2016-03-22,13:32:00,74
2016-03-22,13:35:00,74
2016-03-22,14:01:00,77
2016-03-22,14:01:00,99
2016-03-22,14:10:00,82
2016-03-22,14:31:00,82
2016-03-22,14:49:00,75
2016-03-22,14:59:00,75
2016-03-22,15:14:00,75
2016-03-22,15:27:00,84
2016-03-22,15:36:00,83
2016-03-22,15:59:00,83
2016-03-22,16:09:00,78
2016-03-22,16:21:00,78
2016-03-22,16:40:00,85
2016-03-22,16:55:00,85
2016-03-22,17:07:00,85
2016-03-22,17:24:00,85
2016-03-22,17:39:00,85
2016-03-22,17:44:00,76
2016-03-22,17:56:00,76
2016-03-22,18:16:00,76
2016-03-22,18:16:00,87
2016-03-22,18:16:00,87
2016-03-22,18:53:00,87
2016-03-22,19:08:00,87
2016-03-22,19:21:00,90
2016-03-22,19:36:00,90
2016-03-22,19:45:00,83
2016-03-22,20:03:00,83
2016-03-22,20:20:00,75
2016-03-22,20:33:00,75
2016-03-22,20:50:00,75
2016-03-22,20:59:00,73
2016-03-22,21:18:00,73
2016-03-22,21:23:00,86
2016-03-22,21:23:00,94
2016-03-22,21:23:00,115
2016-03-22,21:23:00,152
2016-03-22,21:23:00,115
2016-03-22,21:23:00,83
2016-03-22,22:08:00,76
2016-03-22,22:28:00,74
2016-03-22,22:41:00,71
2016-03-22,22:58:00,71
2016-03-22,23:13:00,71
2016-03-22,23:27:00,71
2016-03-22,23:29:00,64
2016-03-22,23:45:00,64
2016-03-23,00:00:00,66
2016-03-23,00:15:00,66
2016-03-23,00:21:00,66
2016-03-23,00:21:00,73
2016-03-23,00:46:00,73
2016-03-23,01:00:00,67
2016-03-23,01:16:00,67
2016-03-23,01:31:00,67
2016-03-23,01:31:00,72
2016-03-23,01:47:00,72
2016-03-23,02:00:00,64
2016-03-23,02:16:00,64
2016-03-23,02:29:00,64
2016-03-23,02:47:00,64
2016-03-23,02:51:00,56
2016-03-23,02:54:00,64
2016-03-23,02:56:00,58
2016-03-23,03:06:00,58
2016-03-23,03:06:00,58
2016-03-23,03:40:00,60
2016-03-23,04:04:00,60
2016-03-23,04:04:00,64
2016-03-23,04:31:00,64
2016-03-23,04:31:00,58
2016-03-23,04:31:00,58
2016-03-23,05:05:00,54
2016-03-23,05:05:00,54
2016-03-23,05:05:00,54
2016-03-23,05:49:00,55
2016-03-23,06:06:00,55
2016-03-23,06:06:00,56
2016-03-23,06:26:00,56
2016-03-23,06:47:00,59
2016-03-23,06:47:00,59
2016-03-23,07:11:00,62
2016-03-23,07:36:00,62
2016-03-23,07:48:00,61
2016-03-23,07:58:00,61
2016-03-23,08:10:00,61
2016-03-23,08:35:00,61
2016-03-23,08:35:00,66
2016-03-23,08:53:00,66
2016-03-23,09:01:00,0
2016-03-23,09:04:00,0
2016-03-23,09:22:00,48
2016-03-23,09:25:00,91
2016-03-23,09:36:00,83
2016-03-23,10:00:00,84
2016-03-23,10:15:00,159
2016-03-23,10:15:00,153
2016-03-23,10:15:00,84
2016-03-23,10:39:00,99
2016-03-23,10:39:00,92
2016-03-23,10:39:00,92
2016-03-23,10:39:00,78
2016-03-23,11:27:00,78
2016-03-23,11:42:00,71
2016-03-23,11:46:00,71
2016-03-23,12:12:00,71
2016-03-23,12:12:00,80
2016-03-23,12:28:00,80
2016-03-23,12:43:00,80
2016-03-23,12:43:00,66
2016-03-23,12:55:00,66
2016-03-23,13:19:00,66
2016-03-23,13:19:00,75
2016-03-23,13:35:00,75
2016-03-23,13:46:00,84
2016-03-23,14:00:00,84
2016-03-23,14:14:00,78
2016-03-23,14:27:00,78
2016-03-23,14:44:00,79
2016-03-23,14:58:00,79
2016-03-23,15:12:00,80
2016-03-23,15:31:00,82
2016-03-23,15:34:00,74
2016-03-23,15:47:00,74
2016-03-23,16:03:00,79
2016-03-23,16:16:00,87
2016-03-23,16:30:00,87
2016-03-23,16:46:00,87
2016-03-23,16:46:00,78
2016-03-23,17:01:00,78
2016-03-23,17:17:00,76
2016-03-23,17:29:00,74
2016-03-23,17:45:00,74
2016-03-23,17:52:00,81
2016-03-23,18:17:00,81
2016-03-23,18:17:00,81
2016-03-23,18:17:00,76
2016-03-23,18:45:00,76
2016-03-23,18:58:00,75
2016-03-23,19:17:00,75
2016-03-23,19:25:00,124
2016-03-23,19:25:00,124
2016-03-23,19:25:00,124
2016-03-23,20:39:00,0
2016-03-23,20:40:00,0
2016-03-23,21:01:00,0
2016-03-23,21:12:00,0
2016-03-23,21:22:00,0
2016-03-23,21:25:00,96
2016-03-23,21:25:00,137
2016-03-23,21:25:00,131
2016-03-23,21:39:00,90
2016-03-23,21:51:00,84
2016-03-23,22:00:00,75
2016-03-23,22:01:00,81
2016-03-23,22:14:00,80
2016-03-23,22:34:00,80
2016-03-23,22:47:00,80
2016-03-23,22:47:00,74
2016-03-23,23:05:00,74
2016-03-23,23:08:00,74
2016-03-23,23:31:00,72
2016-03-23,23:47:00,72
2016-03-24,00:05:00,72
2016-03-24,00:06:00,58
2016-03-24,00:19:00,58
2016-03-24,00:36:00,58
2016-03-24,11:21:00,0
2016-03-24,11:21:00,75
2016-03-24,11:29:00,95
2016-03-24,11:33:00,89
2016-03-24,11:58:00,88
2016-03-24,12:09:00,81
2016-03-24,12:15:00,76
2016-03-24,12:31:00,74
2016-03-24,12:40:00,69
2016-03-24,12:53:00,76
2016-03-24,13:01:00,84
2016-03-24,13:16:00,85
2016-03-24,13:19:00,80
2016-03-24,13:31:00,80
2016-03-24,13:49:00,80
2016-03-24,13:49:00,88
2016-03-24,14:07:00,88
2016-03-24,14:20:00,88
2016-03-24,14:20:00,72
2016-03-24,14:38:00,72
2016-03-24,14:53:00,72
2016-03-24,14:53:00,78
2016-03-24,15:09:00,78
2016-03-24,15:24:00,80
2016-03-24,15:35:00,72
2016-03-24,15:47:00,72
2016-03-24,16:06:00,72
2016-03-24,16:21:00,70
2016-03-24,16:26:00,80
2016-03-24,16:39:00,65
2016-03-24,16:47:00,72
2016-03-24,16:48:00,79
2016-03-24,17:09:00,79
2016-03-24,17:27:00,76
2016-03-24,17:41:00,76
2016-03-24,17:56:00,76
2016-03-24,18:11:00,74
2016-03-24,18:25:00,74
2016-03-24,18:42:00,76
2016-03-24,18:56:00,76
2016-03-24,19:12:00,72
2016-03-24,19:25:00,72
2016-03-24,19:42:00,74
2016-03-24,19:42:00,92
2016-03-24,19:42:00,100
2016-03-24,19:42:00,97
2016-03-24,19:42:00,140
2016-03-24,19:42:00,52
2016-03-24,20:31:00,102
2016-03-24,20:37:00,78
2016-03-24,20:55:00,78
2016-03-24,21:01:00,78
2016-03-24,21:26:00,78
2016-03-24,21:35:00,70
2016-03-24,21:52:00,70
2016-03-24,22:01:00,80
2016-03-24,22:06:00,74
2016-03-24,22:27:00,86
2016-03-24,22:44:00,86
2016-03-24,22:59:00,86
2016-03-24,23:00:00,77
2016-03-24,23:14:00,77
2016-03-24,23:28:00,68
2016-03-24,23:45:00,68
2016-03-25,00:00:00,68
2016-03-25,00:14:00,71
2016-03-25,00:21:00,76
2016-03-25,00:22:00,63
2016-03-25,00:38:00,64
2016-03-25,00:50:00,64
2016-03-25,00:50:00,72
2016-03-25,01:17:00,72
2016-03-25,01:37:00,72
2016-03-25,01:46:00,59
2016-03-25,01:53:00,65
2016-03-25,02:02:00,56
2016-03-25,02:02:00,56
2016-03-25,02:33:00,59
2016-03-25,02:33:00,59
2016-03-25,02:54:00,57
2016-03-25,03:18:00,57
2016-03-25,03:18:00,66
2016-03-25,03:36:00,66
2016-03-25,03:36:00,62
2016-03-25,04:09:00,62
2016-03-25,04:24:00,62
2016-03-25,04:25:00,56
2016-03-25,04:38:00,56
2016-03-25,04:38:00,60
2016-03-25,04:38:00,60
2016-03-25,05:15:00,60
2016-03-25,05:39:00,61
2016-03-25,05:54:00,61
2016-03-25,05:59:00,58
2016-03-25,06:21:00,58
2016-03-25,06:39:00,58
2016-03-25,06:46:00,58
2016-03-25,07:07:00,58
2016-03-25,07:25:00,58
2016-03-25,07:40:00,59
2016-03-25,07:55:00,59
2016-03-25,07:58:00,66
2016-03-25,08:07:00,66
2016-03-25,08:14:00,82
2016-03-25,08:33:00,82
2016-03-25,08:33:00,76
2016-03-25,08:52:00,73
2016-03-25,08:52:00,96
2016-03-25,09:04:00,82
2016-03-25,09:22:00,82
2016-03-25,09:22:00,89
2016-03-25,09:38:00,89
2016-03-25,09:49:00,128
2016-03-25,09:49:00,120
2016-03-25,09:49:00,133
2016-03-25,09:49:00,87
2016-03-25,09:49:00,92
2016-03-25,10:09:00,83
2016-03-25,10:32:00,83
2016-03-25,10:47:00,83
2016-03-25,10:47:00,78
2016-03-25,11:03:00,78
2016-03-25,11:19:00,74
2016-03-25,11:32:00,74
2016-03-25,11:49:00,72
2016-03-25,12:03:00,93
2016-03-25,12:20:00,90
2016-03-25,12:25:00,83
2016-03-25,12:46:00,83
2016-03-25,12:58:00,83
2016-03-25,13:19:00,83
2016-03-25,13:22:00,88
2016-03-25,13:38:00,85
2016-03-25,13:51:00,84
2016-03-25,14:01:00,84
2016-03-25,14:24:00,82
2016-03-25,14:36:00,82
2016-03-25,14:41:00,82
2016-03-25,15:06:00,82
2016-03-25,15:12:00,90
2016-03-25,15:12:00,80
2016-03-25,15:41:00,80
2016-03-25,15:54:00,81
2016-03-25,16:01:00,99
2016-03-25,16:01:00,77
2016-03-25,16:16:00,99
2016-03-25,16:16:00,108
2016-03-25,16:16:00,76
2016-03-25,16:29:00,76
2016-03-25,16:48:00,76
2016-03-25,16:48:00,84
2016-03-25,17:06:00,88
2016-03-25,17:23:00,140
2016-03-25,17:23:00,91
2016-03-25,17:38:00,91
2016-03-25,17:38:00,106
2016-03-25,17:38:00,78
2016-03-25,18:25:00,71
2016-03-25,18:41:00,70
2016-03-25,18:44:00,81
2016-03-25,18:54:00,71
2016-03-25,19:15:00,71
2016-03-25,19:15:00,84
2016-03-25,19:30:00,84
2016-03-25,19:30:00,78
2016-03-25,19:48:00,79
2016-03-25,20:05:00,79
2016-03-25,20:26:00,76
2016-03-25,20:38:00,78
2016-03-25,20:55:00,78
2016-03-25,21:08:00,75
2016-03-25,21:23:00,71
2016-03-25,21:23:00,76
2016-03-25,21:38:00,72
2016-03-25,21:38:00,71
2016-03-25,22:13:00,72
2016-03-25,22:23:00,75
2016-03-25,22:44:00,75
2016-03-25,22:44:00,68
2016-03-25,22:55:00,81
2016-03-25,22:58:00,76
2016-03-25,23:02:00,82
2016-03-25,23:04:00,74
2016-03-25,23:21:00,72
2016-03-25,23:35:00,74
2016-03-25,23:50:00,75
2016-03-25,23:56:00,66
2016-03-26,00:12:00,63
2016-03-26,00:14:00,63
2016-03-26,00:42:00,67
2016-03-26,00:42:00,75
2016-03-26,00:57:00,61
2016-03-26,01:04:00,70
2016-03-26,01:13:00,63
2016-03-26,01:20:00,73
2016-03-26,01:27:00,73
2016-03-26,01:27:00,73
2016-03-26,01:27:00,61
2016-03-26,02:05:00,61
2016-03-26,02:05:00,64
2016-03-26,02:35:00,64
2016-03-26,02:45:00,64
2016-03-26,02:57:00,64
2016-03-26,02:57:00,64
2016-03-26,03:36:00,64
2016-03-26,03:46:00,67
2016-03-26,04:07:00,67
2016-03-26,04:07:00,61
2016-03-26,04:26:00,61
2016-03-26,04:37:00,58
2016-03-26,04:37:00,58
2016-03-26,04:58:00,58
2016-03-26,04:58:00,63
2016-03-26,05:27:00,63
2016-03-26,05:27:00,61
2016-03-26,05:46:00,61
2016-03-26,06:12:00,61
2016-03-26,06:22:00,63
2016-03-26,06:41:00,63
2016-03-26,06:44:00,63
2016-03-26,07:11:00,63
2016-03-26,07:27:00,61
2016-03-26,07:39:00,61
2016-03-26,07:43:00,70
2016-03-26,07:50:00,70
2016-03-26,08:14:00,70
2016-03-26,08:18:00,71
2016-03-26,08:44:00,71
2016-03-26,08:59:00,71
2016-03-26,09:00:00,65
2016-03-26,09:17:00,65
2016-03-26,09:23:00,86
2016-03-26,09:34:00,87
2016-03-26,09:51:00,87
2016-03-26,10:08:00,87
2016-03-26,10:08:00,95
2016-03-26,10:10:00,96
2016-03-26,10:38:00,92
2016-03-26,10:38:00,92
2016-03-26,10:38:00,92
2016-03-26,10:38:00,91
2016-03-26,10:38:00,91
2016-03-26,10:38:00,57
2016-03-26,11:53:00,57
2016-03-26,12:13:00,57
2016-03-26,12:13:00,71
2016-03-26,12:27:00,71
2016-03-26,12:27:00,71
2016-03-26,12:52:00,105
2016-03-26,12:52:00,104
2016-03-26,12:52:00,76
2016-03-26,12:52:00,85
2016-03-26,13:35:00,85
2016-03-26,13:47:00,85
2016-03-26,14:11:00,85
2016-03-26,14:17:00,90
2016-03-26,14:32:00,105
2016-03-26,14:32:00,92
2016-03-26,14:32:00,79
2016-03-26,14:51:00,86
2016-03-26,15:08:00,86
2016-03-26,15:22:00,88
2016-03-26,15:22:00,77
2016-03-26,15:31:00,88
2016-03-26,15:39:00,0
2016-03-26,15:46:00,0
2016-03-26,16:01:00,0
2016-03-26,16:01:00,0
2016-03-26,16:01:00,0
2016-03-26,16:01:00,0
2016-03-26,16:01:00,0
2016-03-26,16:01:00,0
2016-03-26,16:01:00,0
2016-03-26,17:18:00,0
2016-03-26,17:32:00,0
2016-03-26,17:32:00,0
2016-03-26,17:49:00,0
2016-03-26,17:57:00,82
2016-03-26,18:05:00,83
2016-03-26,18:05:00,95
2016-03-26,18:05:00,89
2016-03-26,18:05:00,74
2016-03-26,18:51:00,84
2016-03-26,18:51:00,92
2016-03-26,18:51:00,95
2016-03-26,18:51:00,114
2016-03-26,18:51:00,89
2016-03-26,19:43:00,89
2016-03-26,19:55:00,89
2016-03-26,20:10:00,109
2016-03-26,20:10:00,78
2016-03-26,20:17:00,72
2016-03-26,20:17:00,72
2016-03-26,20:50:00,78
2016-03-26,20:50:00,78
2016-03-26,21:17:00,70
2016-03-26,21:17:00,75
2016-03-26,21:44:00,76
2016-03-26,21:58:00,109
2016-03-26,21:58:00,84
2016-03-26,22:13:00,73
2016-03-26,22:26:00,73
2016-03-26,22:39:00,73
2016-03-26,23:00:00,76
2016-03-26,23:13:00,76
2016-03-26,23:21:00,80
2016-03-26,23:43:00,80
2016-03-26,23:48:00,85
2016-03-27,00:03:00,86
2016-03-27,00:14:00,86
2016-03-27,00:30:00,81
2016-03-27,00:46:00,81
2016-03-27,01:02:00,81
2016-03-27,01:14:00,88
2016-03-27,01:20:00,77
2016-03-27,01:34:00,84
2016-03-27,01:34:00,115
2016-03-27,01:50:00,115
2016-03-27,01:50:00,75
2016-03-27,02:26:00,82
2016-03-27,02:36:00,66
2016-03-27,02:36:00,69
2016-03-27,03:08:00,69
2016-03-27,03:08:00,61
2016-03-27,03:23:00,61
2016-03-27,03:41:00,61
2016-03-27,03:58:00,61
2016-03-27,04:16:00,64
2016-03-27,04:34:00,64
2016-03-27,04:47:00,61
2016-03-27,05:03:00,61
2016-03-27,05:03:00,61
2016-03-27,05:34:00,61
2016-03-27,05:42:00,66
2016-03-27,05:48:00,66
2016-03-27,05:48:00,66
2016-03-27,05:48:00,59
2016-03-27,06:23:00,59
2016-03-27,06:40:00,61
2016-03-27,06:46:00,56
2016-03-27,06:46:00,56
2016-03-27,07:16:00,63
2016-03-27,07:31:00,63
2016-03-27,07:37:00,63
2016-03-27,07:53:00,63
2016-03-27,08:11:00,63
2016-03-27,08:29:00,62
2016-03-27,08:46:00,62
2016-03-27,09:01:00,64
2016-03-27,09:09:00,64
2016-03-27,09:18:00,70
2016-03-27,09:24:00,75
2016-03-27,09:41:00,75
2016-03-27,09:58:00,75
2016-03-27,10:04:00,66
2016-03-27,10:14:00,82
2016-03-27,10:29:00,82
2016-03-27,10:37:00,91
2016-03-27,10:46:00,93
2016-03-27,10:46:00,130
2016-03-27,10:46:00,130
2016-03-27,10:46:00,120
2016-03-27,10:46:00,128
2016-03-27,11:46:00,128
2016-03-27,11:46:00,89
2016-03-27,11:52:00,83
2016-03-27,12:06:00,83
2016-03-27,12:16:00,81
2016-03-27,12:30:00,74
2016-03-27,12:45:00,74
2016-03-27,13:05:00,74
2016-03-27,13:17:00,58
2016-03-27,13:27:00,73
2016-03-27,13:40:00,66
2016-03-27,13:55:00,66
2016-03-27,14:10:00,66
2016-03-27,14:10:00,79
2016-03-27,14:26:00,79
2016-03-27,14:32:00,73
2016-03-27,14:34:00,80
2016-03-27,14:47:00,75
2016-03-27,14:54:00,75
2016-03-27,15:17:00,77
2016-03-27,15:32:00,77
2016-03-27,15:46:00,77
2016-03-27,15:46:00,75
2016-03-27,15:46:00,75
2016-03-27,15:46:00,70
2016-03-27,16:30:00,70
2016-03-27,16:45:00,70
2016-03-27,16:58:00,70
2016-03-27,17:16:00,131
2016-03-27,17:16:00,121
2016-03-27,17:16:00,79
2016-03-27,17:37:00,71
2016-03-27,17:46:00,71
2016-03-27,17:55:00,76
2016-03-27,18:10:00,76
2016-03-27,18:32:00,75
2016-03-27,18:46:00,75
2016-03-27,18:57:00,83
2016-03-27,19:00:00,76
2016-03-27,19:16:00,76
2016-03-27,19:36:00,76
2016-03-27,19:36:00,85
2016-03-27,20:00:00,94
2016-03-27,20:00:00,94
2016-03-27,20:00:00,87
2016-03-27,20:20:00,87
2016-03-27,20:20:00,70
2016-03-27,20:50:00,73
2016-03-27,21:01:00,76
2016-03-27,21:11:00,70
2016-03-27,21:31:00,70
2016-03-27,21:45:00,70
2016-03-27,21:58:00,79
2016-03-27,22:13:00,79
2016-03-27,22:24:00,79
2016-03-27,22:35:00,76
2016-03-27,22:52:00,67
2016-03-27,23:07:00,67
2016-03-27,23:23:00,67
2016-03-27,23:28:00,74
2016-03-27,23:36:00,74
2016-03-27,23:36:00,69
2016-03-28,00:05:00,69
2016-03-28,00:12:00,61
2016-03-28,00:25:00,79
2016-03-28,00:31:00,59
2016-03-28,00:38:00,64
2016-03-28,00:51:00,67
2016-03-28,00:56:00,64
2016-03-28,01:13:00,64
2016-03-28,01:13:00,61
2016-03-28,01:13:00,61
2016-03-28,01:13:00,60
2016-03-28,02:20:00,60
2016-03-28,02:34:00,54
2016-03-28,02:48:00,54
2016-03-28,02:48:00,54
2016-03-28,03:11:00,57
2016-03-28,03:11:00,57
2016-03-28,03:44:00,54
2016-03-28,03:52:00,54
2016-03-28,04:07:00,59
2016-03-28,04:22:00,59
2016-03-28,04:27:00,58
2016-03-28,04:40:00,58
2016-03-28,05:03:00,58
2016-03-28,05:22:00,61
2016-03-28,05:37:00,61
2016-03-28,05:39:00,59
2016-03-28,06:07:00,59
2016-03-28,06:07:00,60
2016-03-28,06:25:00,60
2016-03-28,06:48:00,63
2016-03-28,07:07:00,63
2016-03-28,07:11:00,59
2016-03-28,07:37:00,59
2016-03-28,07:46:00,58
2016-03-28,07:59:00,58
2016-03-28,08:15:00,65
2016-03-28,08:29:00,65
2016-03-28,08:43:00,67
2016-03-28,08:54:00,67
2016-03-28,09:14:00,67
2016-03-28,09:14:00,74
2016-03-28,09:25:00,87
2016-03-28,09:32:00,92
2016-03-28,09:46:00,92
2016-03-28,09:46:00,124
2016-03-28,09:46:00,134
2016-03-28,09:46:00,121
2016-03-28,09:46:00,114
2016-03-28,09:46:00,107
2016-03-28,09:46:00,83
2016-03-28,10:47:00,83
2016-03-28,10:55:00,79
2016-03-28,11:16:00,79
2016-03-28,11:24:00,79
2016-03-28,11:39:00,74
2016-03-28,11:52:00,72
2016-03-28,12:09:00,72
2016-03-28,12:19:00,81
2016-03-28,12:28:00,88
2016-03-28,12:45:00,88
2016-03-28,13:00:00,88
2016-03-28,13:02:00,103
2016-03-28,13:02:00,97
2016-03-28,13:02:00,76
2016-03-28,13:39:00,76
2016-03-28,13:44:00,104
2016-03-28,13:49:00,88
2016-03-28,14:12:00,83
2016-03-28,14:27:00,83
2016-03-28,14:31:00,94
2016-03-28,14:31:00,93
2016-03-28,14:31:00,78
2016-03-28,15:05:00,77
2016-03-28,15:20:00,77
2016-03-28,15:35:00,78
2016-03-28,15:45:00,71
2016-03-28,16:00:00,77
2016-03-28,16:15:00,80
2016-03-28,16:20:00,73
2016-03-28,16:35:00,76
2016-03-28,16:49:00,76
2016-03-28,17:05:00,73
2016-03-28,17:20:00,73
2016-03-28,17:35:00,73
2016-03-28,17:35:00,79
2016-03-28,17:50:00,79
2016-03-28,18:01:00,72
2016-03-28,18:19:00,72
2016-03-28,18:32:00,72
2016-03-28,18:32:00,85
2016-03-28,18:32:00,85
2016-03-28,18:32:00,118
2016-03-28,19:08:00,114
2016-03-28,19:08:00,90
2016-03-28,19:17:00,84
2016-03-28,19:25:00,122
2016-03-28,19:25:00,132
2016-03-28,19:25:00,132
2016-03-28,23:38:00,0
2016-03-28,23:39:00,0
2016-03-29,00:00:00,0
2016-03-29,00:00:00,0
2016-03-29,00:00:00,0
2016-03-29,00:24:00,0
2016-03-29,00:24:00,0
2016-03-29,00:24:00,0
2016-03-29,00:24:00,0
2016-03-29,00:24:00,0
2016-03-29,00:24:00,0
2016-03-29,00:24:00,0
2016-03-29,00:24:00,0
2016-03-29,00:24:00,0
2016-03-29,00:24:00,0
2016-03-29,00:24:00,0
2016-03-29,00:24:00,0
2016-03-29,00:24:00,0
2016-03-29,00:24:00,0
2016-03-29,00:24:00,0
2016-03-29,00:24:00,0
2016-03-29,00:24:00,0
2016-03-29,00:24:00,0
2016-03-29,00:24:00,0
2016-03-29,00:24:00,0
2016-03-29,00:24:00,0
2016-03-29,00:24:00,0
2016-03-29,00:24:00,0
2016-03-29,00:24:00,0
2016-03-29,00:24:00,0
2016-03-29,00:24:00,0
2016-03-29,00:24:00,0
2016-03-29,00:24:00,0
2016-03-29,00:24:00,0
2016-03-29,00:24:00,0
2016-03-29,00:24:00,0
2016-03-29,00:24:00,0
2016-03-29,00:24:00,0
2016-03-29,00:24:00,0
2016-03-29,00:24:00,0
2016-03-29,00:24:00,0
2016-03-29,00:24:00,0
2016-03-29,00:24:00,0
2016-03-29,00:24:00,0
2016-03-29,00:24:00,0
2016-03-29,00:24:00,0
2016-03-29,08:02:00,0
2016-03-29,08:02:00,0
2016-03-29,08:23:00,0
2016-03-29,08:29:00,91
2016-03-29,08:29:00,93
2016-03-29,08:29:00,97
2016-03-29,08:29:00,77
2016-03-29,09:23:00,117
2016-03-29,09:23:00,127
2016-03-29,09:23:00,107
2016-03-29,09:23:00,118
2016-03-29,09:23:00,114
2016-03-29,09:23:00,93
2016-03-29,09:23:00,80
2016-03-29,10:15:00,80
2016-03-29,10:29:00,71
2016-03-29,10:45:00,71
2016-03-29,11:00:00,71
2016-03-29,11:01:00,76
2016-03-29,11:14:00,76
2016-03-29,11:25:00,78
2016-03-29,11:46:00,78
2016-03-29,11:47:00,84
2016-03-29,12:00:00,84
2016-03-29,12:17:00,84
2016-03-29,12:18:00,70
2016-03-29,12:29:00,70
2016-03-29,12:35:00,82
2016-03-29,12:35:00,87
2016-03-29,12:53:00,84
2016-03-29,12:59:00,98
2016-03-29,12:59:00,104
2016-03-29,12:59:00,88
2016-03-29,12:59:00,93
2016-03-29,13:21:00,103
2016-03-29,13:21:00,97
2016-03-29,13:38:00,90
2016-03-29,13:48:00,100
2016-03-29,13:48:00,81
2016-03-29,13:56:00,90
2016-03-29,14:08:00,93
2016-03-29,14:08:00,93
2016-03-29,14:08:00,85
2016-03-29,16:19:00,89
2016-03-29,16:27:00,82
2016-03-29,16:43:00,83
2016-03-29,16:59:00,83
2016-03-29,17:00:00,77
2016-03-29,17:22:00,77
2016-03-29,17:39:00,80
2016-03-29,17:52:00,80
2016-03-29,18:09:00,80
2016-03-29,18:22:00,78
2016-03-29,18:36:00,117
2016-03-29,18:36:00,112
2016-03-29,18:36:00,124
2016-03-29,18:36:00,113
2016-03-29,18:36:00,113
2016-03-29,18:36:00,47
2016-03-29,19:19:00,80
2016-03-29,19:35:00,80
2016-03-29,19:47:00,78
2016-03-29,19:47:00,73
2016-03-29,20:05:00,81
2016-03-29,20:20:00,83
2016-03-29,20:20:00,77
2016-03-29,20:37:00,79
2016-03-29,20:37:00,70
2016-03-29,20:55:00,73
2016-03-29,21:07:00,82
2016-03-29,21:19:00,79
2016-03-29,21:31:00,72
2016-03-29,21:46:00,72
2016-03-29,22:00:00,73
2016-03-29,22:00:00,73
2016-03-29,22:28:00,71
2016-03-29,22:46:00,71
2016-03-29,22:54:00,63
2016-03-29,23:11:00,63
2016-03-29,23:19:00,107
2016-03-29,23:19:00,100
2016-03-29,23:19:00,87
2016-03-29,23:35:00,79
2016-03-29,23:43:00,71
2016-03-30,00:00:00,73
2016-03-30,00:00:00,73
2016-03-30,00:00:00,63
2016-03-30,00:33:00,63
2016-03-30,00:51:00,63
2016-03-30,01:14:00,66
2016-03-30,01:16:00,66
2016-03-30,01:44:00,65
2016-03-30,01:54:00,65
2016-03-30,02:05:00,56
2016-03-30,02:20:00,61
2016-03-30,02:25:00,61
2016-03-30,02:50:00,65
2016-03-30,03:05:00,65
2016-03-30,03:09:00,65
2016-03-30,03:09:00,56
2016-03-30,03:33:00,60
2016-03-30,03:47:00,60
2016-03-30,04:05:00,59
2016-03-30,04:05:00,59
2016-03-30,04:34:00,60
2016-03-30,04:41:00,60
2016-03-30,04:58:00,58
2016-03-30,05:10:00,58
2016-03-30,05:32:00,58
2016-03-30,05:43:00,58
2016-03-30,06:04:00,50
2016-03-30,06:17:00,50
2016-03-30,06:34:00,60
2016-03-30,06:48:00,60
2016-03-30,07:01:00,53
2016-03-30,07:18:00,53
2016-03-30,07:34:00,53
2016-03-30,07:34:00,61
2016-03-30,07:42:00,71
2016-03-30,07:42:00,80
2016-03-30,07:42:00,74
2016-03-30,07:59:00,84
2016-03-30,08:03:00,66
2016-03-30,08:07:00,73
2016-03-30,08:08:00,68
2016-03-30,08:29:00,76
2016-03-30,08:42:00,76
2016-03-30,08:47:00,88
2016-03-30,18:40:00,0
2016-03-30,18:42:00,82
2016-03-30,18:58:00,82
2016-03-30,19:11:00,82
2016-03-30,19:25:00,78
2016-03-30,19:40:00,78
2016-03-30,19:40:00,73
2016-03-30,20:05:00,76
2016-03-30,20:19:00,79
2016-03-30,20:26:00,74
2016-03-30,20:31:00,71
2016-03-30,20:53:00,71
2016-03-30,20:59:00,78
2016-03-30,21:08:00,78
2016-03-30,21:08:00,78
2016-03-30,21:45:00,77
2016-03-30,21:45:00,72
2016-03-30,22:11:00,107
2016-03-30,22:11:00,102
2016-03-30,22:11:00,121
2016-03-30,22:11:00,129
2016-03-30,22:11:00,107
2016-03-30,22:11:00,97
2016-03-30,22:11:00,115
2016-03-30,22:11:00,100
2016-03-30,22:11:00,90
2016-03-30,22:44:00,81
2016-03-30,22:58:00,81
2016-03-30,23:13:00,114
2016-03-30,23:13:00,80
2016-03-30,23:13:00,74
2016-03-30,23:38:00,79
2016-03-30,23:51:00,92
2016-03-31,00:00:00,77
2016-03-31,00:16:00,75
2016-03-31,00:25:00,73
2016-03-31,00:44:00,66
2016-03-31,01:00:00,66
2016-03-31,01:15:00,67
2016-03-31,01:29:00,67
2016-03-31,01:34:00,75
2016-03-31,01:47:00,77
2016-03-31,01:58:00,77
2016-03-31,02:12:00,72
2016-03-31,02:12:00,72
2016-03-31,02:38:00,72
2016-03-31,03:02:00,71
2016-03-31,03:06:00,71
2016-03-31,03:06:00,77
2016-03-31,03:33:00,77
2016-03-31,03:39:00,70
2016-03-31,03:39:00,70
2016-03-31,04:17:00,70
2016-03-31,04:21:00,70
2016-03-31,04:36:00,70
2016-03-31,04:54:00,69
2016-03-31,05:17:00,69
2016-03-31,05:22:00,65
2016-03-31,05:22:00,65
2016-03-31,05:52:00,65
2016-03-31,06:15:00,65
2016-03-31,06:27:00,68
2016-03-31,06:42:00,68
2016-03-31,06:42:00,65
2016-03-31,07:17:00,65
2016-03-31,07:24:00,68
2016-03-31,07:24:00,68
2016-03-31,08:01:00,69
2016-03-31,08:17:00,69
2016-03-31,08:21:00,84
2016-03-31,08:33:00,84
2016-03-31,08:44:00,66
2016-03-31,08:50:00,76
2016-03-31,09:05:00,75
2016-03-31,09:18:00,75
2016-03-31,09:32:00,72
2016-03-31,09:46:00,72
2016-03-31,10:03:00,82
2016-03-31,10:17:00,80
2016-03-31,10:28:00,76
2016-03-31,10:40:00,67
2016-03-31,10:40:00,86
2016-03-31,10:40:00,86
2016-03-31,10:40:00,73
2016-03-31,11:23:00,73
2016-03-31,11:38:00,73
2016-03-31,11:53:00,71
2016-03-31,12:09:00,72
2016-03-31,12:22:00,68
2016-03-31,12:37:00,81
2016-03-31,12:40:00,65
2016-03-31,12:53:00,124
2016-03-31,13:00:00,116
2016-03-31,13:00:00,109
2016-03-31,13:00:00,100
2016-03-31,13:00:00,109
2016-03-31,13:00:00,86
2016-03-31,13:51:00,83
2016-03-31,14:05:00,88
2016-03-31,14:19:00,98
2016-03-31,14:23:00,95
2016-03-31,14:23:00,95
2016-03-31,14:23:00,91
2016-03-31,14:23:00,91
2016-03-31,14:23:00,86
2016-03-31,15:43:00,100
2016-03-31,15:43:00,86
2016-03-31,16:05:00,81
2016-03-31,16:20:00,81
2016-03-31,16:31:00,77
2016-03-31,16:31:00,77
2016-03-31,17:03:00,77
2016-03-31,17:07:00,80
2016-03-31,17:07:00,80
2016-03-31,17:36:00,75
2016-03-31,17:50:00,75
2016-03-31,18:05:00,75
2016-03-31,18:21:00,75
2016-03-31,18:36:00,75
2016-03-31,18:40:00,76
2016-03-31,18:57:00,76
2016-03-31,19:11:00,87
2016-03-31,19:33:00,151
2016-03-31,19:33:00,117
2016-03-31,19:33:00,109
2016-03-31,19:33:00,92
2016-03-31,19:33:00,77
2016-03-31,20:05:00,79
2016-03-31,20:16:00,112
2016-03-31,20:16:00,79
2016-03-31,20:36:00,76
2016-03-31,20:52:00,76
2016-03-31,21:03:00,76
2016-03-31,21:03:00,67
2016-03-31,21:22:00,67
2016-03-31,21:36:00,77
2016-03-31,21:46:00,77
2016-03-31,22:06:00,77
2016-03-31,22:20:00,79
2016-03-31,22:38:00,79
2016-03-31,22:52:00,76
2016-03-31,23:03:00,66
2016-03-31,23:21:00,66
2016-03-31,23:23:00,66
2016-03-31,23:42:00,66
2016-04-01,00:06:00,63
2016-04-01,00:17:00,67
2016-04-01,00:32:00,67
2016-04-01,00:32:00,91
2016-04-01,00:39:00,83
2016-04-01,00:54:00,83
2016-04-01,01:13:00,0
2016-04-01,01:13:00,0
2016-04-01,01:13:00,0
2016-04-01,01:13:00,0
2016-04-01,01:13:00,0
2016-04-01,01:13:00,0
2016-04-01,01:13:00,0
2016-04-01,01:13:00,0
2016-04-01,01:13:00,0
2016-04-01,01:13:00,0
2016-04-01,01:13:00,0
2016-04-01,01:13:00,0
2016-04-01,01:13:00,0
2016-04-01,01:13:00,0
2016-04-01,01:13:00,0
2016-04-01,01:13:00,0
2016-04-01,01:13:00,0
2016-04-01,01:13:00,0
2016-04-01,01:13:00,0
2016-04-01,01:13:00,0
2016-04-01,01:13:00,0
2016-04-01,01:13:00,0
2016-04-01,01:13:00,0
2016-04-01,01:13:00,0
2016-04-01,01:13:00,0
2016-04-01,01:13:00,0
2016-04-01,01:13:00,0
2016-04-01,01:13:00,0
2016-04-01,06:17:00,0
2016-04-01,06:17:00,0
2016-04-01,06:17:00,0
2016-04-01,06:17:00,0
2016-04-01,06:17:00,0
2016-04-01,06:17:00,0
2016-04-01,07:28:00,0
2016-04-01,07:34:00,84
2016-04-01,07:41:00,75
2016-04-01,07:45:00,81
2016-04-01,07:53:00,74
2016-04-01,07:54:00,84
2016-04-01,08:11:00,98
2016-04-01,08:11:00,90
2016-04-01,08:26:00,74
2016-04-01,08:40:00,97
2016-04-01,08:40:00,103
2016-04-01,08:50:00,88
2016-04-01,08:54:00,72
2016-04-01,09:12:00,72
2016-04-01,09:20:00,67
2016-04-01,09:20:00,76
2016-04-01,09:35:00,81
2016-04-01,09:48:00,81
2016-04-01,10:07:00,81
2016-04-01,10:08:00,68
2016-04-01,10:23:00,68
2016-04-01,10:37:00,70
2016-04-01,10:53:00,71
2016-04-01,10:58:00,71
2016-04-01,11:11:00,76
2016-04-01,11:28:00,76
2016-04-01,11:32:00,78
2016-04-01,11:50:00,118
2016-04-01,11:50:00,108
2016-04-01,11:50:00,126
2016-04-01,11:50:00,93
2016-04-01,11:50:00,93
2016-04-01,11:50:00,87
2016-04-01,12:28:00,87
2016-04-01,12:51:00,81
2016-04-01,12:58:00,97
2016-04-01,12:58:00,104
2016-04-01,12:58:00,91
2016-04-01,12:58:00,87
2016-04-01,13:36:00,87
2016-04-01,13:36:00,91
2016-04-01,14:03:00,91
2016-04-01,14:03:00,91
2016-04-01,14:03:00,91
2016-04-01,14:03:00,91
2016-04-01,14:03:00,82
2016-04-01,14:59:00,93
2016-04-01,15:03:00,92
2016-04-01,15:03:00,82
2016-04-01,15:37:00,82
2016-04-01,15:49:00,80
2016-04-01,16:07:00,80
2016-04-01,16:13:00,80
2016-04-01,16:37:00,81
2016-04-01,16:44:00,81
2016-04-01,16:59:00,127
2016-04-01,16:59:00,127
2016-04-01,16:59:00,127
2016-04-01,16:59:00,127
2016-04-01,16:59:00,127
2016-04-01,18:55:00,0
2016-04-01,19:06:00,0
2016-04-01,19:09:00,0
2016-04-01,19:09:00,0
2016-04-01,19:37:00,0
2016-04-01,19:45:00,84
2016-04-01,20:05:00,81
2016-04-01,20:14:00,81
2016-04-01,20:23:00,74
2016-04-01,20:36:00,92
2016-04-01,20:55:00,92
2016-04-01,20:55:00,84
2016-04-01,20:55:00,88
2016-04-01,21:21:00,82
2016-04-01,21:25:00,82
2016-04-01,21:39:00,77
2016-04-01,21:55:00,83
2016-04-01,22:12:00,81
2016-04-01,22:26:00,85
2016-04-01,22:35:00,82
2016-04-01,22:43:00,66
2016-04-01,22:58:00,68
2016-04-01,23:04:00,76
2016-04-01,23:13:00,76
2016-04-01,23:37:00,71
2016-04-01,23:45:00,71
2016-04-02,10:33:00,0
2016-04-02,10:33:00,69
2016-04-02,10:38:00,85
2016-04-02,10:43:00,77
2016-04-02,10:49:00,58
2016-04-02,11:00:00,67
2016-04-02,11:16:00,67
2016-04-02,11:30:00,67
2016-04-02,11:45:00,87
2016-04-02,11:54:00,77
2016-04-02,12:08:00,77
2016-04-02,12:20:00,77
2016-04-02,12:38:00,81
2016-04-02,12:46:00,80
2016-04-02,12:57:00,73
2016-04-02,13:11:00,76
2016-04-02,13:17:00,96
2016-04-02,13:17:00,96
2016-04-02,13:17:00,89
2016-04-02,13:49:00,89
2016-04-02,14:13:00,71
2016-04-02,14:20:00,71
2016-04-02,14:44:00,74
2016-04-02,15:00:00,74
2016-04-02,15:00:00,83
2016-04-02,15:15:00,81
2016-04-02,15:31:00,81
2016-04-02,15:42:00,81
2016-04-02,15:48:00,81
2016-04-02,16:09:00,81
2016-04-02,16:28:00,81
2016-04-02,16:46:00,81
2016-04-02,16:59:00,81
2016-04-02,17:15:00,81
2016-04-02,17:22:00,81
2016-04-02,17:36:00,121
2016-04-02,17:36:00,121
2016-04-02,17:36:00,121
2016-04-02,17:36:00,121
2016-04-02,18:28:00,121
2016-04-02,18:28:00,121
2016-04-02,18:28:00,104
2016-04-02,18:28:00,113
2016-04-02,18:28:00,113
2016-04-02,18:28:00,101
2016-04-02,18:28:00,95
2016-04-02,18:28:00,89
2016-04-02,19:52:00,91
2016-04-02,19:52:00,91
2016-04-02,19:52:00,94
2016-04-02,20:28:00,97
2016-04-02,20:28:00,87
2016-04-02,21:07:00,87
2016-04-02,21:07:00,107
2016-04-02,21:07:00,90
2016-04-02,21:32:00,90
2016-04-02,21:49:00,90
2016-04-02,22:01:00,95
2016-04-02,22:01:00,95
2016-04-02,22:01:00,95
2016-04-02,22:01:00,95
2016-04-02,22:01:00,0
2016-04-02,22:01:00,0
2016-04-02,23:13:00,0
2016-04-02,23:25:00,0
2016-04-02,23:25:00,0
2016-04-02,23:25:00,0
2016-04-02,23:25:00,0
2016-04-03,00:00:00,0
2016-04-03,00:00:00,0
2016-04-03,00:28:00,0
2016-04-03,00:28:00,0
2016-04-03,00:28:00,0
2016-04-03,00:28:00,0
2016-04-03,00:28:00,0
2016-04-03,00:28:00,0
2016-04-03,00:28:00,0
2016-04-03,00:28:00,0
2016-04-03,00:28:00,0
2016-04-03,00:28:00,0
2016-04-03,00:28:00,0
2016-04-03,00:28:00,0
2016-04-03,00:28:00,0
2016-04-03,00:28:00,0
2016-04-03,00:28:00,0
2016-04-03,00:28:00,0
2016-04-03,00:28:00,0
2016-04-03,00:28:00,0
2016-04-03,00:28:00,0
2016-04-03,00:28:00,0
2016-04-03,00:28:00,0
2016-04-03,00:28:00,0
2016-04-03,00:28:00,0
2016-04-03,00:28:00,0
2016-04-03,00:28:00,0
2016-04-03,00:28:00,0
2016-04-03,00:28:00,0
2016-04-03,00:28:00,0
2016-04-03,00:28:00,0
2016-04-03,00:28:00,0
2016-04-03,00:28:00,0
2016-04-03,00:28:00,0
2016-04-03,00:28:00,0
2016-04-03,00:28:00,0
2016-04-03,00:28:00,0
2016-04-03,00:28:00,0
2016-04-03,00:28:00,0
2016-04-03,00:28:00,0
2016-04-03,00:28:00,0
2016-04-03,00:28:00,0
2016-04-03,07:49:00,0
2016-04-03,07:49:00,0
2016-04-03,08:09:00,0
2016-04-03,08:09:00,0
2016-04-03,08:26:00,0
2016-04-03,08:26:00,0
2016-04-03,08:48:00,0
2016-04-03,08:48:00,0
2016-04-03,08:48:00,0
2016-04-03,09:30:00,0
2016-04-03,09:41:00,0
2016-04-03,09:46:00,0
2016-04-03,09:46:00,0
2016-04-03,09:46:00,0
2016-04-03,09:46:00,0
2016-04-03,10:31:00,0
2016-04-03,10:31:00,0
2016-04-03,10:31:00,0
2016-04-03,10:31:00,0
2016-04-03,11:11:00,0
2016-04-03,11:30:00,0
2016-04-03,11:32:00,0
2016-04-03,11:43:00,111
2016-04-03,11:43:00,96
2016-04-03,11:43:00,97
2016-04-03,11:43:00,87
2016-04-03,12:21:00,93
2016-04-03,12:28:00,80
2016-04-03,12:37:00,0
2016-04-03,12:37:00,84
2016-04-03,12:51:00,84
2016-04-03,13:01:00,78
2016-04-03,13:07:00,90
2016-04-03,13:21:00,83
2016-04-03,13:36:00,85
2016-04-03,13:50:00,84
2016-04-03,13:58:00,119
2016-04-03,13:58:00,109
2016-04-03,13:58:00,86
2016-04-03,14:09:00,92
2016-04-03,14:09:00,87
2016-04-03,14:35:00,80
2016-04-03,14:49:00,80
2016-04-03,14:53:00,75
2016-04-03,15:01:00,79
2016-04-03,15:20:00,79
2016-04-03,15:35:00,96
2016-04-03,15:35:00,94
2016-04-03,15:35:00,80
2016-04-03,16:01:00,99
2016-04-03,16:01:00,76
2016-04-03,16:15:00,76
2016-04-03,16:24:00,84
2016-04-03,16:28:00,77
2016-04-03,16:46:00,84
2016-04-03,17:03:00,86
2016-04-03,17:03:00,76
2016-04-03,17:27:00,76
2016-04-03,17:29:00,86
2016-04-03,17:38:00,86
2016-04-03,17:56:00,86
2016-04-03,18:13:00,84
2016-04-03,18:28:00,90
2016-04-03,18:39:00,81
2016-04-03,18:53:00,81
2016-04-03,19:05:00,76
2016-04-03,19:18:00,76
2016-04-03,19:23:00,89
2016-04-03,19:38:00,85
2016-04-03,19:43:00,80
2016-04-03,19:43:00,82
2016-04-03,20:10:00,87
2016-04-03,20:19:00,80
2016-04-03,20:28:00,85
2016-04-03,20:43:00,84
2016-04-03,21:00:00,105
2016-04-03,21:00:00,113
2016-04-03,21:00:00,100
2016-04-03,21:29:00,105
2016-04-03,21:29:00,114
2016-04-03,21:29:00,88
2016-04-03,22:01:00,102
2016-04-03,22:01:00,146
2016-04-03,22:01:00,92
2016-04-03,22:01:00,92
2016-04-03,22:01:00,88
2016-04-03,22:53:00,84
2016-04-03,23:06:00,85
2016-04-03,23:06:00,90
2016-04-03,23:06:00,89
2016-04-03,23:06:00,89
2016-04-04,00:00:00,86
2016-04-04,00:13:00,86
2016-04-04,00:29:00,82
2016-04-04,00:49:00,82
2016-04-04,00:49:00,74
2016-04-04,01:10:00,74
2016-04-04,01:10:00,79
2016-04-04,01:10:00,74
2016-04-04,01:23:00,79
2016-04-04,01:44:00,82
2016-04-04,01:47:00,80
2016-04-04,02:14:00,79
2016-04-04,02:29:00,67
2016-04-04,02:34:00,69
2016-04-04,02:34:00,69
2016-04-04,03:11:00,67
2016-04-04,03:27:00,67
2016-04-04,03:38:00,69
2016-04-04,03:46:00,69
2016-04-04,04:14:00,69
2016-04-04,04:14:00,68
2016-04-04,04:39:00,68
2016-04-04,04:55:00,72
2016-04-04,05:07:00,72
2016-04-04,05:29:00,69
2016-04-04,05:29:00,69
2016-04-04,05:58:00,68
2016-04-04,06:14:00,68
2016-04-04,06:25:00,69
2016-04-04,06:37:00,69
2016-04-04,06:57:00,73
2016-04-04,07:08:00,73
2016-04-04,07:22:00,71
2016-04-04,07:37:00,71
2016-04-04,07:57:00,71
2016-04-04,08:14:00,71
2016-04-04,08:26:00,78
2016-04-04,08:40:00,77
2016-04-04,08:56:00,77
2016-04-04,09:10:00,77
2016-04-04,09:26:00,77
2016-04-04,09:35:00,77
2016-04-04,09:42:00,77
2016-04-04,10:09:00,77
2016-04-04,10:12:00,130
2016-04-04,10:29:00,130
2016-04-04,10:29:00,96
2016-04-04,10:29:00,87
2016-04-04,11:07:00,87
2016-04-04,11:18:00,87
2016-04-04,11:29:00,85
2016-04-04,11:44:00,73
2016-04-04,11:59:00,77
2016-04-04,12:14:00,77
2016-04-04,12:19:00,83
2016-04-04,12:36:00,83
2016-04-04,12:52:00,83
2016-04-04,12:58:00,88
2016-04-04,13:13:00,79
2016-04-04,13:33:00,79
2016-04-04,13:48:00,79
2016-04-04,14:02:00,81
2016-04-04,14:18:00,81
2016-04-04,14:33:00,77
2016-04-04,14:46:00,77
2016-04-04,15:01:00,79
2016-04-04,15:10:00,79
2016-04-04,15:32:00,78
2016-04-04,15:45:00,78
2016-04-04,15:59:00,73
2016-04-04,16:14:00,73
2016-04-04,16:17:00,63
2016-04-04,16:24:00,71
2016-04-04,16:30:00,72
2016-04-04,16:53:00,72
2016-04-04,17:06:00,72
2016-04-04,17:23:00,68
2016-04-04,17:39:00,68
2016-04-04,17:40:00,71
2016-04-04,18:08:00,71
2016-04-04,18:08:00,79
2016-04-04,18:25:00,79
2016-04-04,18:33:00,95
2016-04-04,18:33:00,95
2016-04-04,18:33:00,53
2016-04-04,19:08:00,53
2016-04-04,19:24:00,53
2016-04-04,19:33:00,53
2016-04-04,19:46:00,76
2016-04-04,20:00:00,79
2016-04-04,20:17:00,80
2016-04-04,20:25:00,80
2016-04-04,20:38:00,92
2016-04-04,20:38:00,92
2016-04-04,20:38:00,91
2016-04-04,21:17:00,79
2016-04-04,21:39:00,79
2016-04-04,21:41:00,70
2016-04-04,21:52:00,82
2016-04-04,21:59:00,69
2016-04-04,22:18:00,68
2016-04-04,22:33:00,69
2016-04-04,22:48:00,72
2016-04-04,23:03:00,72
2016-04-04,23:18:00,69
2016-04-04,23:31:00,69
2016-04-04,23:47:00,70
2016-04-05,00:03:00,70
2016-04-05,00:17:00,68
2016-04-05,00:31:00,71
2016-04-05,00:45:00,64
2016-04-05,00:54:00,59
2016-04-05,00:58:00,65
2016-04-05,01:09:00,57
2016-04-05,01:23:00,57
2016-04-05,01:27:00,63
2016-04-05,01:45:00,63
2016-04-05,01:45:00,63
2016-04-05,02:20:00,65
2016-04-05,02:38:00,65
2016-04-05,02:40:00,65
2016-04-05,03:08:00,65
2016-04-05,03:23:00,62
2016-04-05,03:39:00,62
2016-04-05,03:54:00,65
2016-04-05,04:03:00,65
2016-04-05,04:11:00,64
2016-04-05,04:39:00,64
2016-04-05,04:53:00,66
2016-04-05,05:09:00,66
2016-04-05,05:10:00,62
2016-04-05,05:26:00,62
2016-04-05,05:54:00,65
2016-04-05,05:54:00,65
2016-04-05,05:54:00,62
2016-04-05,06:38:00,62
2016-04-05,06:43:00,65
2016-04-05,07:08:00,65
2016-04-05,07:21:00,63
2016-04-05,07:37:00,63
2016-04-05,07:50:00,62
2016-04-05,08:07:00,62
2016-04-05,08:22:00,64
2016-04-05,08:39:00,64
2016-04-05,17:55:00,84
2016-04-05,18:16:00,84
2016-04-05,18:47:00,81
2016-04-05,18:59:00,78
2016-04-05,19:30:00,83
2016-04-05,19:35:00,91
2016-04-05,19:47:00,85
2016-04-05,20:09:00,86
2016-04-05,20:15:00,81
2016-04-05,20:25:00,78
2016-04-05,20:53:00,78
2016-04-05,20:53:00,70
2016-04-05,21:20:00,70
2016-04-05,21:58:00,76
2016-04-05,22:26:00,75
2016-04-05,23:00:00,78
2016-04-05,23:06:00,75
2016-04-05,23:48:00,79
2016-04-06,00:00:00,77
2016-04-06,00:23:00,73
2016-04-06,00:44:00,77
2016-04-06,00:58:00,82
2016-04-06,01:07:00,75
2016-04-06,01:11:00,71
2016-04-06,01:11:00,61
2016-04-06,02:09:00,63
2016-04-06,03:35:00,60
2016-04-06,04:11:00,60
2016-04-06,04:12:00,67
2016-04-06,04:42:00,63
2016-04-06,05:38:00,58
2016-04-06,06:13:00,57
2016-04-06,06:43:00,56
2016-04-06,06:43:00,61
2016-04-06,07:38:00,62
2016-04-06,08:12:00,73
2016-04-06,08:12:00,79
2016-04-06,08:45:00,81
2016-04-06,08:48:00,73
2016-04-06,09:07:00,76
2016-04-06,09:07:00,82
2016-04-06,09:24:00,83
2016-04-06,09:35:00,90
2016-04-06,09:48:00,95
2016-04-06,09:48:00,103
2016-04-06,10:10:00,111
2016-04-06,10:10:00,125
2016-04-06,10:10:00,120
2016-04-06,10:10:00,57
2016-04-06,10:31:00,60
2016-04-06,10:31:00,75
2016-04-06,10:50:00,79
2016-04-06,11:19:00,78
2016-04-06,11:19:00,69
2016-04-06,11:53:00,66
2016-04-06,12:21:00,68
2016-04-06,12:50:00,69
2016-04-06,13:10:00,69
2016-04-06,13:10:00,86
2016-04-06,13:33:00,80
2016-04-06,13:33:00,87
2016-04-06,13:33:00,97
2016-04-06,13:33:00,92
2016-04-06,13:33:00,105
2016-04-06,13:33:00,108
2016-04-06,13:33:00,102
2016-04-06,13:33:00,92
2016-04-06,14:59:00,89
2016-04-06,15:07:00,76
2016-04-06,15:07:00,81
2016-04-06,15:45:00,75
2016-04-06,17:21:00,74
2016-04-06,17:28:00,79
2016-04-06,17:35:00,94
2016-04-06,17:50:00,87
2016-04-06,18:09:00,124
2016-04-06,18:21:00,96
2016-04-06,18:21:00,90
2016-04-06,18:26:00,152
2016-04-06,18:26:00,163
2016-04-06,18:26:00,157
2016-04-06,18:26:00,149
2016-04-06,18:26:00,164
2016-04-06,18:26:00,153
2016-04-06,18:26:00,160
2016-04-06,18:26:00,166
2016-04-06,18:26:00,152
2016-04-06,18:26:00,115
2016-04-06,18:26:00,98
2016-04-06,20:39:00,92
2016-04-06,20:50:00,89
2016-04-06,21:10:00,96
2016-04-06,21:25:00,89
2016-04-06,21:57:00,97
2016-04-06,21:57:00,103
2016-04-06,22:12:00,83
2016-04-06,22:13:00,77
2016-04-06,22:52:00,75
2016-04-06,23:15:00,82
2016-04-06,23:26:00,72
2016-04-07,00:24:00,71
2016-04-07,00:35:00,66
2016-04-07,01:14:00,63
2016-04-07,02:12:00,62
2016-04-07,03:24:00,58
2016-04-07,04:31:00,61
2016-04-07,05:02:00,61
2016-04-07,05:56:00,62
2016-04-07,06:21:00,63
2016-04-07,06:52:00,65
2016-04-07,08:05:00,64
2016-04-07,08:29:00,66
2016-04-07,08:51:00,87
2016-04-07,09:08:00,83
2016-04-07,09:47:00,81
2016-04-07,10:12:00,76
2016-04-07,10:53:00,85
2016-04-07,11:00:00,83
2016-04-07,11:08:00,84
2016-04-07,11:44:00,85
2016-04-07,12:14:00,85
2016-04-07,12:23:00,97
2016-04-07,12:23:00,104
2016-04-07,12:36:00,91
2016-04-07,12:44:00,80
2016-04-07,13:13:00,85
2016-04-07,13:36:00,87
2016-04-07,13:36:00,77
2016-04-07,13:57:00,84
2016-04-07,14:03:00,99
2016-04-07,14:16:00,93
2016-04-07,14:33:00,89
2016-04-07,15:01:00,88
2016-04-07,15:38:00,85
2016-04-07,16:02:00,86
2016-04-07,16:03:00,80
2016-04-07,16:32:00,79
2016-04-07,17:02:00,78
2016-04-07,17:31:00,76
2016-04-07,17:31:00,60
2016-04-07,17:36:00,70
2016-04-07,17:36:00,75
2016-04-07,18:25:00,69
2016-04-07,19:16:00,72
2016-04-07,19:24:00,81
2016-04-07,19:34:00,86
2016-04-07,19:34:00,88
2016-04-07,20:24:00,84
2016-04-07,20:24:00,78
2016-04-07,20:48:00,77
2016-04-07,20:48:00,71
2016-04-07,21:21:00,66
2016-04-07,21:35:00,72
2016-04-07,22:25:00,80
2016-04-07,22:25:00,69
2016-04-07,23:14:00,71
2016-04-07,23:33:00,67
2016-04-07,23:33:00,73
2016-04-08,00:00:00,71
2016-04-08,00:39:00,69
2016-04-08,00:47:00,60
2016-04-08,01:08:00,63
2016-04-08,01:57:00,65
2016-04-08,02:29:00,67
2016-04-08,02:57:00,65
2016-04-08,03:53:00,59
2016-04-08,04:24:00,57
2016-04-08,04:46:00,57
2016-04-08,04:46:00,64
2016-04-08,05:17:00,65
2016-04-08,05:45:00,65
2016-04-08,06:26:00,66
2016-04-08,06:46:00,70
2016-04-08,07:22:00,65
2016-04-08,07:24:00,52
2016-04-08,07:26:00,64
2016-04-08,08:23:00,63
2016-04-08,08:23:00,58
2016-04-08,08:50:00,69
2016-04-08,08:50:00,76
2016-04-08,08:50:00,81
2016-04-08,08:50:00,86
2016-04-08,09:10:00,63
2016-04-08,09:10:00,68
2016-04-08,09:38:00,72
2016-04-08,09:38:00,77
2016-04-08,10:10:00,109
2016-04-08,10:10:00,138
2016-04-08,10:10:00,125
2016-04-08,10:10:00,91
2016-04-08,10:38:00,98
2016-04-08,10:38:00,90
2016-04-08,10:48:00,87
2016-04-08,11:40:00,80
2016-04-08,12:04:00,80
2016-04-08,12:28:00,87
2016-04-08,12:37:00,96
2016-04-08,12:59:00,98
2016-04-08,13:13:00,96
2016-04-08,13:13:00,102
2016-04-08,13:13:00,82
2016-04-08,14:01:00,83
2016-04-08,14:24:00,86
2016-04-08,14:31:00,83
2016-04-08,15:10:00,81
2016-04-08,15:25:00,79
2016-04-08,15:40:00,73
2016-04-08,16:18:00,76
2016-04-08,16:41:00,80
2016-04-08,17:00:00,74
2016-04-08,17:31:00,72
2016-04-08,17:31:00,86
2016-04-08,17:52:00,134
2016-04-08,17:52:00,139
2016-04-08,17:52:00,132
2016-04-08,17:52:00,125
2016-04-08,18:53:00,103
2016-04-08,18:53:00,72
2016-04-08,19:22:00,82
2016-04-08,19:41:00,85
2016-04-08,19:47:00,81
2016-04-08,19:47:00,86
2016-04-08,20:04:00,79
2016-04-08,20:15:00,88
2016-04-08,20:19:00,106
2016-04-08,20:19:00,129
2016-04-08,20:19:00,120
2016-04-08,20:19:00,89
2016-04-08,20:48:00,91
2016-04-08,21:33:00,85
2016-04-08,21:48:00,82
2016-04-08,21:58:00,87
2016-04-08,21:58:00,94
2016-04-08,21:58:00,107
2016-04-08,22:36:00,100
2016-04-08,22:36:00,81
2016-04-08,23:04:00,79
2016-04-08,23:04:00,74
2016-04-08,23:27:00,79
2016-04-08,23:31:00,75
2016-04-09,00:08:00,72
2016-04-09,00:26:00,68
2016-04-09,01:05:00,71
2016-04-09,01:14:00,70
2016-04-09,01:32:00,66
2016-04-09,01:56:00,57
2016-04-09,02:16:00,62
2016-04-09,02:35:00,63
2016-04-09,03:19:00,59
2016-04-09,03:41:00,63
2016-04-09,04:19:00,65
2016-04-09,04:19:00,58
2016-04-09,05:55:00,61
2016-04-09,06:18:00,60
2016-04-09,07:00:00,60
2016-04-09,07:00:00,53
2016-04-09,07:20:00,56
2016-04-09,08:30:00,62
2016-04-09,08:56:00,66
2016-04-09,08:56:00,72
2016-04-09,09:22:00,117
2016-04-09,09:35:00,110
2016-04-09,09:35:00,71
2016-04-09,09:48:00,80
2016-04-09,09:48:00,88
2016-04-09,10:39:00,74
2016-04-09,11:04:00,73
2016-04-09,11:44:00,71
2016-04-09,11:46:00,64
2016-04-09,12:04:00,73
2016-04-09,12:09:00,83
2016-04-09,12:24:00,82
2016-04-09,12:24:00,74
2016-04-09,13:09:00,75
2016-04-09,14:50:00,76
2016-04-09,15:39:00,72
2016-04-09,15:57:00,84
2016-04-09,16:36:00,68
2016-04-09,17:08:00,122
2016-04-09,17:08:00,121
2016-04-09,17:08:00,110
2016-04-09,17:35:00,103
2016-04-09,17:35:00,75
2016-04-09,17:35:00,67
2016-04-09,18:13:00,67
2016-04-09,19:25:00,76
2016-04-09,19:47:00,77
2016-04-09,20:08:00,76
2016-04-09,20:08:00,71
2016-04-09,20:15:00,81
2016-04-09,20:27:00,86
2016-04-09,20:36:00,76
2016-04-09,21:09:00,74
2016-04-09,21:24:00,85
2016-04-09,21:24:00,99
2016-04-09,21:38:00,92
2016-04-09,21:40:00,90
2016-04-09,21:53:00,82
2016-04-09,22:07:00,69
2016-04-09,22:22:00,69
2016-04-09,22:22:00,76
2016-04-09,22:54:00,71
2016-04-09,23:19:00,72
2016-04-10,00:00:00,72
2016-04-10,00:24:00,73
2016-04-10,00:24:00,83
2016-04-10,01:03:00,87
2016-04-10,01:03:00,90
2016-04-10,01:03:00,83
2016-04-10,01:51:00,101
2016-04-10,01:51:00,110
2016-04-10,01:51:00,90
2016-04-10,01:51:00,80
2016-04-10,02:20:00,84
2016-04-10,02:38:00,87
2016-04-10,02:38:00,80
2016-04-10,02:52:00,70
2016-04-10,03:03:00,63
2016-04-10,03:21:00,63
2016-04-10,03:59:00,64
2016-04-10,04:38:00,65
2016-04-10,05:06:00,60
2016-04-10,05:06:00,62
2016-04-10,06:07:00,57
2016-04-10,06:37:00,54
2016-04-10,07:02:00,59
2016-04-10,07:34:00,59
2016-04-10,08:10:00,59
2016-04-10,08:48:00,59
2016-04-10,09:31:00,60
2016-04-10,10:00:00,60
2016-04-10,10:04:00,67
2016-04-10,10:33:00,69
2016-04-10,10:35:00,74
2016-04-10,10:59:00,78
2016-04-10,11:08:00,76
2016-04-10,11:24:00,85
2016-04-10,11:24:00,93
2016-04-10,11:56:00,116
2016-04-10,11:56:00,125
2016-04-10,11:56:00,91
2016-04-10,12:17:00,116
2016-04-10,12:17:00,135
2016-04-10,12:17:00,106
2016-04-10,12:17:00,63
2016-04-10,12:44:00,71
2016-04-10,12:44:00,89
2016-04-10,13:24:00,79
2016-04-10,13:49:00,72
2016-04-10,14:01:00,68
2016-04-10,14:01:00,74
2016-04-10,15:42:00,79
2016-04-10,15:50:00,73
2016-04-10,16:02:00,78
2016-04-10,16:32:00,74
2016-04-10,16:58:00,78
2016-04-10,17:29:00,77
2016-04-10,17:29:00,66
2016-04-10,18:07:00,72
2016-04-10,18:33:00,73
2016-04-10,18:33:00,63
2016-04-10,18:53:00,114
2016-04-10,19:10:00,111
2016-04-10,19:23:00,101
2016-04-10,19:23:00,88
2016-04-10,19:26:00,79
2016-04-10,19:42:00,73
2016-04-10,20:01:00,76
2016-04-10,20:02:00,81
2016-04-10,20:16:00,72
2016-04-10,20:57:00,69
2016-04-10,20:57:00,64
2016-04-10,21:01:00,64
2016-04-10,21:01:00,63
2016-04-10,21:01:00,58
2016-04-10,21:53:00,61
2016-04-10,22:10:00,107
2016-04-10,22:10:00,134
2016-04-10,22:10:00,117
2016-04-10,22:10:00,77
2016-04-10,22:10:00,69
2016-04-10,22:43:00,74
2016-04-10,22:43:00,79
2016-04-10,23:11:00,82
2016-04-10,23:20:00,68
2016-04-10,23:25:00,60
2016-04-11,00:08:00,58
2016-04-11,00:26:00,57
2016-04-11,00:26:00,66
2016-04-11,01:09:00,64
2016-04-11,01:21:00,62
2016-04-11,02:32:00,60
2016-04-11,02:56:00,61
2016-04-11,03:41:00,60
2016-04-11,03:43:00,65
2016-04-11,04:11:00,60
2016-04-11,04:43:00,58
2016-04-11,05:03:00,60
2016-04-11,06:12:00,58
2016-04-11,06:42:00,61
2016-04-11,07:07:00,60
2016-04-11,07:37:00,61
2016-04-11,08:06:00,70
2016-04-11,08:26:00,82
2016-04-11,08:50:00,99
2016-04-11,09:09:00,89
2016-04-11,09:42:00,109
2016-04-11,09:42:00,121
2016-04-11,09:42:00,131
2016-04-11,09:42:00,103
2016-04-11,09:42:00,93
2016-04-11,09:42:00,85
2016-04-11,10:18:00,93
2016-04-11,10:18:00,127
2016-04-11,10:32:00,109
2016-04-11,10:32:00,79
2016-04-11,10:50:00,101
2016-04-11,10:50:00,93
2016-04-11,10:50:00,84
2016-04-11,10:50:00,78
2016-04-11,11:54:00,79
2016-04-11,11:54:00,69
2016-04-11,11:54:00,76
2016-04-11,12:16:00,78
2016-04-11,13:01:00,75
2016-04-11,13:08:00,66
2016-04-11,13:22:00,73
2016-04-11,13:22:00,81
2016-04-11,13:47:00,78
2016-04-11,14:11:00,75
2016-04-11,14:42:00,66
2016-04-11,14:42:00,70
2016-04-11,15:30:00,80
2016-04-11,15:30:00,90
2016-04-11,15:30:00,82
2016-04-11,15:44:00,70
2016-04-11,15:44:00,75
2016-04-11,15:59:00,69
2016-04-11,16:29:00,71
2016-04-11,16:51:00,72
2016-04-11,16:57:00,92
2016-04-11,16:57:00,87
2016-04-11,16:57:00,74
2016-04-11,17:32:00,73
2016-04-11,17:40:00,81
2016-04-11,18:24:00,82
2016-04-11,18:31:00,95
2016-04-11,18:31:00,103
2016-04-11,18:31:00,93
2016-04-11,18:31:00,84
2016-04-11,19:15:00,107
2016-04-11,19:15:00,74
2016-04-11,19:28:00,91
2016-04-11,19:28:00,101
2016-04-11,19:28:00,73
2016-04-11,19:54:00,81
2016-04-11,20:05:00,96
2016-04-11,20:05:00,114
2016-04-11,20:05:00,89
2016-04-11,20:05:00,77
2016-04-11,20:22:00,82
2016-04-11,20:22:00,95
2016-04-11,20:38:00,77
2016-04-11,20:54:00,89
2016-04-11,21:09:00,86
2016-04-11,21:32:00,77
2016-04-11,21:36:00,67
2016-04-11,21:49:00,66
2016-04-11,22:08:00,67
2016-04-11,22:08:00,80
2016-04-11,22:55:00,74
2016-04-11,23:04:00,70
2016-04-11,23:23:00,72
2016-04-11,23:55:00,79
2016-04-11,23:55:00,85
2016-04-12,00:02:00,73
2016-04-12,00:04:00,58
2016-04-12,00:06:00,68
2016-04-12,00:48:00,67
2016-04-12,01:10:00,65
2016-04-12,01:47:00,69
2016-04-12,02:10:00,67
2016-04-12,02:10:00,60
2016-04-12,02:50:00,58
2016-04-12,03:21:00,54
2016-04-12,03:41:00,55
2016-04-12,03:41:00,57
2016-04-12,04:52:00,59
2016-04-12,05:17:00,58
2016-04-12,05:42:00,56
2016-04-12,06:11:00,56
2016-04-12,06:35:00,57
2016-04-12,07:21:00,59
2016-04-12,07:45:00,62
2016-04-12,08:07:00,67
2016-04-12,08:09:00,76
2016-04-12,08:31:00,75
2016-04-12,08:50:00,72
2016-04-12,08:52:00,81
2016-04-12,09:02:00,75
2016-04-12,09:19:00,41
2016-04-12,09:19:00,74
2016-04-12,09:19:00,98
2016-04-12,09:47:00,131
2016-04-12,10:23:00,122
2016-04-12,10:23:00,88
2016-04-12,14:20:00,75
2016-04-12,15:10:00,87
2016-04-12,15:29:00,79
2016-04-12,15:42:00,84
2016-04-12,15:47:00,91
2016-04-12,15:47:00,88
2016-04-12,15:47:00,78
2016-04-12,16:35:00,79
2016-04-12,17:16:00,78
2016-04-12,17:17:00,73
2016-04-12,17:47:00,74
2016-04-12,18:08:00,74
2016-04-12,18:12:00,73
2016-04-12,18:12:00,66
2016-04-12,18:46:00,72
2016-04-12,18:46:00,78
2016-04-12,19:01:00,76
2016-04-12,19:21:00,74
2016-04-12,19:55:00,76
2016-04-12,19:56:00,65
2016-04-12,20:30:00,64
2016-04-12,20:50:00,74
2016-04-12,20:50:00,65
2016-04-12,21:06:00,59
2016-04-12,21:26:00,64
2016-04-12,21:35:00,73
2016-04-12,21:44:00,69
2016-04-12,22:25:00,70
2016-04-12,22:36:00,72
2016-04-12,23:00:00,68
2016-04-12,23:15:00,56
2016-04-12,23:17:00,63
2016-04-12,23:36:00,68
2016-04-13,00:05:00,68
2016-04-13,00:18:00,68
2016-04-13,00:24:00,61
2016-04-13,00:55:00,65
2016-04-13,00:55:00,71
2016-04-13,01:53:00,65
2016-04-13,02:02:00,64
2016-04-13,02:02:00,72
2016-04-13,02:02:00,68
2016-04-13,08:22:00,89
2016-04-13,08:34:00,118
2016-04-13,08:34:00,106
2016-04-13,08:34:00,74
2016-04-13,08:45:00,80
2016-04-13,08:45:00,98
2016-04-13,08:45:00,149
2016-04-13,08:45:00,156
2016-04-13,08:45:00,153
2016-04-13,08:45:00,159
2016-04-13,08:45:00,151
2016-04-13,08:45:00,146
2016-04-13,08:45:00,152
2016-04-13,08:45:00,147
2016-04-13,08:45:00,146
2016-04-13,08:45:00,143
2016-04-13,08:45:00,149
2016-04-13,08:45:00,144
2016-04-13,08:45:00,155
2016-04-13,08:45:00,145
2016-04-13,08:45:00,155
2016-04-13,08:45:00,144
2016-04-13,08:45:00,128
2016-04-13,08:45:00,115
2016-04-13,09:58:00,109
2016-04-13,09:58:00,100
2016-04-13,09:58:00,135
2016-04-13,09:58:00,108
2016-04-13,09:58:00,95
2016-04-13,09:58:00,103
2016-04-13,10:35:00,72
2016-04-13,10:35:00,52
2016-04-13,10:41:00,76
2016-04-13,10:46:00,128
2016-04-13,10:46:00,125
2016-04-13,10:46:00,119
2016-04-13,10:46:00,112
2016-04-13,10:46:00,112
2016-04-13,10:46:00,107
2016-04-13,12:00:00,103
2016-04-13,12:31:00,104
2016-04-13,12:43:00,97
2016-04-13,13:14:00,93
2016-04-13,13:42:00,92
2016-04-13,13:42:00,81
2016-04-13,14:05:00,88
2016-04-13,14:30:00,92
2016-04-13,14:30:00,106
2016-04-13,14:30:00,95
2016-04-13,14:30:00,82
2016-04-13,14:39:00,91
2016-04-13,14:39:00,83
2016-04-13,15:20:00,82
2016-04-13,15:50:00,72
2016-04-13,15:53:00,85
2016-04-13,15:53:00,75
2016-04-13,16:45:00,82
2016-04-13,16:54:00,73
2016-04-13,17:09:00,75
2016-04-13,17:09:00,80
2016-04-13,17:47:00,77
2016-04-13,17:47:00,89
2016-04-13,18:42:00,83
2016-04-13,18:44:00,77
2016-04-13,19:10:00,77
2016-04-13,19:10:00,72
2016-04-13,19:20:00,80
2016-04-13,19:52:00,78
2016-04-13,19:52:00,72
2016-04-13,20:12:00,84
2016-04-13,20:46:00,80
2016-04-13,20:46:00,78
2016-04-13,21:25:00,89
2016-04-13,21:25:00,89
2016-04-13,22:23:00,87
2016-04-13,22:49:00,89
2016-04-13,23:03:00,88
2016-04-13,23:41:00,85
2016-04-13,23:41:00,78
2016-04-13,23:41:00,84
2016-04-13,23:56:00,82
2016-04-14,00:15:00,76
2016-04-14,00:49:00,78
2016-04-14,00:49:00,90
2016-04-14,01:01:00,89
2016-04-14,01:01:00,81
2016-04-14,01:13:00,73
2016-04-14,01:23:00,75
2016-04-14,01:37:00,67
2016-04-14,01:44:00,71
2016-04-14,02:01:00,67
2016-04-14,02:01:00,65
2016-04-14,03:09:00,69
2016-04-14,04:17:00,69
2016-04-14,05:06:00,69
2016-04-14,05:39:00,68
2016-04-14,06:42:00,71
2016-04-14,07:18:00,65
2016-04-14,07:49:00,65
2016-04-14,07:59:00,71
2016-04-14,07:59:00,77
2016-04-14,08:24:00,66
2016-04-14,08:38:00,84
2016-04-14,08:42:00,69
2016-04-14,09:08:00,66
2016-04-14,09:16:00,70
2016-04-14,09:16:00,77
2016-04-14,09:29:00,71
2016-04-14,09:43:00,82
2016-04-14,09:43:00,91
2016-04-14,09:43:00,81
2016-04-14,10:23:00,79
2016-04-14,10:42:00,77
2016-04-14,10:42:00,65
2016-04-14,11:02:00,67
2016-04-14,11:02:00,73
2016-04-14,11:22:00,79
2016-04-14,11:52:00,80
2016-04-14,11:52:00,73
2016-04-14,12:09:00,81
2016-04-14,12:57:00,83
2016-04-14,13:21:00,77
2016-04-14,13:22:00,85
2016-04-14,13:57:00,78
2016-04-14,13:57:00,72
2016-04-14,14:33:00,73
2016-04-14,14:33:00,80
2016-04-14,14:48:00,94
2016-04-14,14:48:00,88
2016-04-14,14:48:00,79
2016-04-14,14:48:00,74
2016-04-14,14:48:00,87
2016-04-14,15:09:00,79
2016-04-14,15:38:00,76
2016-04-14,15:38:00,71
2016-04-14,16:16:00,71
2016-04-14,16:16:00,80
2016-04-14,16:42:00,80
2016-04-14,16:42:00,70
2016-04-14,16:59:00,65
2016-04-14,17:19:00,70
2016-04-14,17:46:00,64
2016-04-14,17:57:00,95
2016-04-14,17:57:00,94
2016-04-14,17:57:00,104
2016-04-14,18:36:00,103
2016-04-14,18:36:00,95
2016-04-14,18:36:00,89
2016-04-14,18:47:00,75
2016-04-14,19:39:00,68
2016-04-14,19:39:00,73
2016-04-14,20:05:00,79
2016-04-14,20:05:00,99
2016-04-14,22:30:00,94
2016-04-14,22:30:00,82
2016-04-14,22:41:00,89
2016-04-14,23:13:00,85
2016-04-14,23:19:00,78
2016-04-14,23:35:00,79
2016-04-14,23:54:00,72
2016-04-14,23:58:00,64
2016-04-15,00:02:00,71
2016-04-15,00:40:00,76
2016-04-15,00:43:00,71
2016-04-15,00:53:00,70
2016-04-15,01:14:00,54
2016-04-15,01:42:00,58
2016-04-15,03:08:00,60
2016-04-15,03:08:00,59
2016-04-15,04:05:00,59
2016-04-15,04:41:00,60
2016-04-15,05:16:00,56
2016-04-15,05:41:00,57
2016-04-15,06:16:00,59
2016-04-15,06:48:00,62
2016-04-15,07:17:00,66
2016-04-15,07:51:00,74
2016-04-15,07:59:00,87
2016-04-15,08:08:00,78
2016-04-15,08:55:00,85
2016-04-15,08:55:00,99
2016-04-15,09:13:00,99
2016-04-15,09:13:00,94
2016-04-15,09:13:00,78
2016-04-15,09:46:00,85
2016-04-15,10:03:00,92
2016-04-15,10:03:00,87
2016-04-15,10:03:00,80
2016-04-15,10:31:00,85
2016-04-15,10:43:00,92
2016-04-15,11:04:00,84
2016-04-15,11:04:00,79
2016-04-15,11:04:00,80
2016-04-15,11:43:00,82
2016-04-15,12:04:00,75
2016-04-15,12:14:00,80
2016-04-15,12:22:00,74
2016-04-15,12:40:00,72
2016-04-15,12:40:00,77
2016-04-15,12:51:00,75
2016-04-15,13:16:00,81
2016-04-15,13:36:00,82
2016-04-15,13:36:00,88
2016-04-15,14:06:00,88
2016-04-15,14:44:00,84
2016-04-15,15:15:00,83
2016-04-15,15:37:00,96
2016-04-15,15:37:00,107
2016-04-15,15:57:00,74
2016-04-15,16:15:00,75
2016-04-15,16:57:00,80
2016-04-15,17:04:00,75
2016-04-15,17:20:00,77
2016-04-15,17:50:00,73
2016-04-15,18:41:00,79
2016-04-15,18:49:00,86
2016-04-15,19:14:00,83
2016-04-15,19:30:00,72
2016-04-15,19:37:00,67
2016-04-15,20:32:00,74
2016-04-15,20:32:00,80
2016-04-15,21:12:00,51
2016-04-15,21:12:00,40
2016-04-15,21:24:00,55
2016-04-15,21:24:00,101
2016-04-15,21:39:00,66
2016-04-15,21:51:00,73
2016-04-15,22:04:00,78
2016-04-15,22:04:00,66
2016-04-15,23:07:00,65
2016-04-15,23:29:00,63
2016-04-15,23:54:00,62
2016-04-16,00:11:00,57
2016-04-16,00:48:00,63
2016-04-16,01:12:00,62
2016-04-16,01:37:00,65
2016-04-16,02:07:00,59
2016-04-16,02:37:00,62
2016-04-16,02:51:00,63
2016-04-16,03:23:00,63
2016-04-16,04:03:00,63
2016-04-16,04:31:00,58
2016-04-16,05:01:00,58
2016-04-16,05:38:00,52
2016-04-16,06:03:00,58
2016-04-16,06:03:00,63
2016-04-16,06:43:00,69
2016-04-16,07:08:00,66
2016-04-16,07:10:00,60
2016-04-16,07:35:00,65
2016-04-16,07:51:00,70
2016-04-16,08:32:00,71
2016-04-16,08:50:00,68
2016-04-16,09:19:00,73
2016-04-16,09:32:00,84
2016-04-16,10:01:00,89
2016-04-16,10:02:00,104
2016-04-16,10:02:00,112
2016-04-16,10:02:00,85
2016-04-16,10:20:00,77
2016-04-16,10:29:00,78
2016-04-16,10:29:00,86
2016-04-16,10:51:00,80
2016-04-16,11:03:00,78
2016-04-16,11:03:00,94
2016-04-16,11:22:00,85
2016-04-16,11:23:00,73
2016-04-16,11:23:00,82
2016-04-16,11:23:00,73
2016-04-16,11:59:00,74
2016-04-16,12:00:00,72
2016-04-16,12:00:00,84
2016-04-16,13:12:00,79
2016-04-16,14:48:00,72
2016-04-16,14:57:00,81
2016-04-16,15:08:00,70
2016-04-16,15:18:00,76
2016-04-16,15:18:00,83
2016-04-16,15:35:00,86
2016-04-16,15:59:00,107
2016-04-16,16:31:00,104
2016-04-16,16:31:00,115
2016-04-16,16:45:00,90
2016-04-16,16:59:00,95
2016-04-16,17:08:00,82
2016-04-16,17:23:00,92
2016-04-16,17:23:00,99
2016-04-16,17:23:00,94
2016-04-16,17:51:00,106
2016-04-16,18:11:00,106
2016-04-16,18:16:00,102
2016-04-16,18:34:00,104
2016-04-16,18:34:00,97
2016-04-16,18:34:00,91
2016-04-16,19:00:00,80
2016-04-16,19:10:00,90
2016-04-16,19:15:00,113
2016-04-16,19:15:00,102
2016-04-16,19:15:00,84
2016-04-16,19:33:00,104
2016-04-16,19:33:00,139
2016-04-16,19:33:00,103
2016-04-16,19:33:00,85
2016-04-16,19:33:00,92
2016-04-16,19:33:00,81
2016-04-16,20:20:00,72
2016-04-16,20:28:00,77
2016-04-16,20:38:00,68
2016-04-16,20:39:00,63
2016-04-16,20:50:00,93
2016-04-16,20:50:00,117
2016-04-16,20:50:00,91
2016-04-16,20:50:00,83
2016-04-16,21:19:00,77
2016-04-16,21:19:00,84
2016-04-16,21:52:00,79
2016-04-16,22:52:00,73
2016-04-16,23:09:00,75
2016-04-16,23:36:00,110
2016-04-16,23:36:00,115
2016-04-16,23:36:00,88
2016-04-16,23:36:00,79
2016-04-17,00:24:00,77
2016-04-17,00:41:00,74
2016-04-17,00:41:00,86
2016-04-17,00:50:00,73
2016-04-17,00:50:00,62
2016-04-17,01:10:00,63
2016-04-17,01:10:00,70
2016-04-17,02:49:00,70
2016-04-17,03:19:00,69
2016-04-17,03:45:00,64
2016-04-17,04:23:00,64
2016-04-17,04:31:00,62
2016-04-17,05:21:00,63
2016-04-17,06:06:00,63
2016-04-17,06:08:00,69
2016-04-17,06:21:00,68
2016-04-17,07:07:00,67
2016-04-17,07:11:00,75
2016-04-17,07:16:00,64
2016-04-17,07:21:00,67
2016-04-17,07:31:00,61
2016-04-17,07:52:00,71
2016-04-17,07:56:00,76
2016-04-17,08:13:00,77
2016-04-17,08:53:00,72
2016-04-17,09:13:00,71
2016-04-17,09:52:00,74
2016-04-17,10:21:00,100
2016-04-17,10:21:00,108
2016-04-17,10:21:00,118
2016-04-17,10:21:00,140
2016-04-17,10:21:00,121
2016-04-17,10:21:00,104
2016-04-17,10:21:00,82
2016-04-17,11:01:00,75
2016-04-17,11:26:00,76
2016-04-17,11:52:00,82
2016-04-17,12:10:00,77
2016-04-17,12:20:00,89
2016-04-17,12:32:00,96
2016-04-17,12:32:00,101
2016-04-17,12:32:00,117
2016-04-17,12:32:00,106
2016-04-17,12:32:00,113
2016-04-17,12:32:00,96
2016-04-17,12:32:00,104
2016-04-17,12:32:00,111
2016-04-17,12:32:00,132
2016-04-17,12:32:00,101
2016-04-17,12:32:00,91
2016-04-17,14:00:00,78
2016-04-17,14:12:00,111
2016-04-17,14:12:00,120
2016-04-17,14:38:00,106
2016-04-17,14:38:00,96
2016-04-17,14:38:00,110
2016-04-17,14:38:00,103
2016-04-17,14:47:00,119
2016-04-17,14:47:00,113
2016-04-17,14:47:00,103
2016-04-17,14:47:00,97
2016-04-17,14:47:00,100
2016-04-17,14:47:00,115
2016-04-17,14:47:00,121
2016-04-17,14:47:00,114
2016-04-17,14:47:00,133
2016-04-17,14:47:00,139
2016-04-17,14:47:00,136
2016-04-17,14:47:00,99
2016-04-17,16:30:00,90
2016-04-17,16:58:00,91
2016-04-17,16:58:00,83
2016-04-17,17:06:00,90
2016-04-17,17:12:00,100
2016-04-17,17:12:00,110
2016-04-17,17:12:00,117
2016-04-17,17:12:00,132
2016-04-17,17:12:00,140
2016-04-17,17:12:00,108
2016-04-17,17:12:00,117
2016-04-17,17:12:00,132
2016-04-17,17:12:00,119
2016-04-17,17:47:00,124
2016-04-17,17:47:00,129
2016-04-17,17:47:00,114
2016-04-17,17:47:00,88
2016-04-17,18:19:00,109
2016-04-17,18:19:00,117
2016-04-17,18:19:00,126
2016-04-17,18:19:00,138
2016-04-17,18:19:00,145
2016-04-17,18:19:00,138
2016-04-17,18:19:00,154
2016-04-17,18:19:00,167
2016-04-17,18:19:00,172
2016-04-17,18:19:00,152
2016-04-17,18:19:00,157
2016-04-17,18:19:00,149
2016-04-17,18:19:00,154
2016-04-17,18:59:00,123
2016-04-17,18:59:00,99
2016-04-17,18:59:00,108
2016-04-17,18:59:00,97
2016-04-17,18:59:00,91
2016-04-17,19:35:00,86
2016-04-17,20:08:00,118
2016-04-17,20:28:00,96
2016-04-17,20:28:00,93
2016-04-17,20:55:00,80
2016-04-17,21:01:00,82
2016-04-17,21:14:00,76
2016-04-17,21:33:00,76
2016-04-17,21:58:00,79
2016-04-17,21:58:00,73
2016-04-17,22:45:00,68
2016-04-17,23:03:00,79
2016-04-17,23:13:00,76
2016-04-17,23:47:00,70
2016-04-17,23:50:00,75
2016-04-17,23:50:00,64
